500.0000	2.0105E-28
250.0000	1.9779E-28
166.6667	3.6160E-28
125.0000	6.1627E-28
100.0000	9.3902E-28
083.3333	1.3234E-27
071.4286	1.7732E-27
062.5000	2.2845E-27
055.5556	2.8519E-27
050.0000	3.4753E-27
045.4545	4.1597E-27
041.6667	4.9002E-27
038.4615	5.6933E-27
035.7143	6.5101E-27
033.3333	7.4181E-27
031.2500	8.3501E-27
029.4118	9.3345E-27
027.7778	1.0361E-26
026.3158	1.1399E-26
025.0000	1.2464E-26
023.8095	1.3615E-26
022.7273	1.4834E-26
021.7391	1.5993E-26
020.8333	1.7268E-26
020.0000	1.8528E-26
019.2308	1.9824E-26
018.5185	2.1114E-26
017.8571	2.2542E-26
017.2414	2.3872E-26
016.6667	2.5333E-26
016.1290	2.6801E-26
015.6250	2.8222E-26
015.1515	2.9866E-26
014.7059	3.1368E-26
014.2857	3.3046E-26
013.8889	3.4786E-26
013.5135	3.6452E-26
013.1579	3.8317E-26
012.8205	4.0208E-26
012.5000	4.1768E-26
012.1951	4.4048E-26
011.9048	4.5662E-26
011.6279	4.7247E-26
011.3636	4.9686E-26
011.1111	5.0770E-26
010.8696	5.3080E-26
010.6383	5.4658E-26
010.4167	5.6332E-26
010.2041	5.9091E-26
010.0000	6.0411E-26
009.8039	6.1909E-26
009.6154	6.3155E-26
009.4340	6.4199E-26
009.2593	6.5872E-26
009.0909	6.7180E-26
008.9286	6.8043E-26
008.7719	6.8814E-26
008.6207	7.0395E-26
008.4746	7.1289E-26
008.3333	7.2046E-26
008.1967	7.3433E-26
008.0645	7.4846E-26
007.9365	7.5941E-26
007.8125	7.7748E-26
007.6923	7.8959E-26
007.5758	7.9923E-26
007.4627	8.1524E-26
007.3529	8.2810E-26
007.2464	8.4012E-26
007.1429	8.5317E-26
007.0423	8.6253E-26
006.9444	8.7767E-26
006.8493	8.8140E-26
006.7568	8.9914E-26
006.6667	9.0803E-26
006.5789	9.2244E-26
006.4935	9.4934E-26
006.4103	9.9909E-26
006.3291	1.0368E-25
006.2500	1.0423E-25
006.1728	1.0415E-25
006.0976	1.0502E-25
006.0241	1.0465E-25
005.9524	1.0488E-25
005.8824	1.0521E-25
005.8140	1.0625E-25
005.7471	1.0762E-25
005.6818	1.0832E-25
005.6180	1.1052E-25
005.5556	1.1048E-25
005.4945	1.1297E-25
005.4348	1.1333E-25
005.3763	1.1502E-25
005.3191	1.1712E-25
005.2632	1.1748E-25
005.2083	1.1800E-25
005.1546	1.1905E-25
005.1020	1.2036E-25
005.0505	1.2080E-25
005.0000	1.2058E-25
004.9505	1.2045E-25
004.9020	1.2148E-25
004.8544	1.2266E-25
004.8077	1.2281E-25
004.7619	1.2324E-25
004.7170	1.2522E-25
004.6729	1.2717E-25
004.6296	1.2453E-25
004.5872	1.2478E-25
004.5455	1.2490E-25
004.5045	1.2547E-25
004.4643	1.2714E-25
004.4248	1.2897E-25
004.3860	1.3233E-25
004.3478	1.3603E-25
004.3103	1.3859E-25
004.2735	1.4157E-25
004.2373	1.4509E-25
004.2017	1.5177E-25
004.1667	1.5623E-25
004.1322	1.6149E-25
004.0984	1.6470E-25
004.0650	1.6895E-25
004.0323	1.7336E-25
004.0000	1.7639E-25
003.9683	1.7493E-25
003.9370	1.7848E-25
003.9063	1.8109E-25
003.8760	1.8156E-25
003.8462	1.8061E-25
003.8168	1.7981E-25
003.7879	1.8030E-25
003.7594	1.7773E-25
003.7313	1.7656E-25
003.7037	1.7484E-25
003.6765	1.7197E-25
003.6496	1.7053E-25
003.6232	1.6842E-25
003.5971	1.6610E-25
003.5714	1.6424E-25
003.5461	1.6191E-25
003.5211	1.6014E-25
003.4965	1.5852E-25
003.4722	1.5832E-25
003.4483	1.5643E-25
003.4247	1.5560E-25
003.4014	1.5473E-25
003.3784	1.5307E-25
003.3557	1.4967E-25
003.3333	1.4655E-25
003.3113	1.4825E-25
003.2895	1.4923E-25
003.2680	1.4884E-25
003.2468	1.4568E-25
003.2258	1.4443E-25
003.2051	1.4203E-25
003.1847	1.4242E-25
003.1646	1.4055E-25
003.1447	1.3853E-25
003.1250	1.3804E-25
003.1056	1.3691E-25
003.0864	1.3511E-25
003.0675	1.3363E-25
003.0488	1.3115E-25
003.0303	1.3061E-25
003.0120	1.2923E-25
002.9940	1.2885E-25
002.9762	1.2862E-25
002.9586	1.2645E-25
002.9412	1.2635E-25
002.9240	1.2457E-25
002.9070	1.2395E-25
002.8902	1.2392E-25
002.8736	1.2385E-25
002.8571	1.2253E-25
002.8409	1.2184E-25
002.8249	1.2206E-25
002.8090	1.2169E-25
002.7933	1.2235E-25
002.7778	1.2098E-25
002.7624	1.2104E-25
002.7473	1.2127E-25
002.7322	1.2085E-25
002.7174	1.1896E-25
002.7027	1.1904E-25
002.6882	1.1903E-25
002.6738	1.1891E-25
002.6596	1.2426E-25
002.6455	1.2022E-25
002.6316	1.1932E-25
002.6178	1.1878E-25
002.6042	1.1730E-25
002.5907	1.1578E-25
002.5773	1.1408E-25
002.5641	1.1272E-25
002.5510	1.1343E-25
002.5381	1.1277E-25
002.5253	1.1387E-25
002.5126	1.1420E-25
002.5000	1.1836E-25
002.4876	1.1946E-25
002.4752	1.1992E-25
002.4631	1.2264E-25
002.4510	1.2233E-25
002.4390	1.2538E-25
002.4272	1.2606E-25
002.4155	1.2679E-25
002.4038	1.3006E-25
002.3923	1.3025E-25
002.3810	1.3014E-25
002.3697	1.3104E-25
002.3585	1.2982E-25
002.3474	1.3245E-25
002.3364	1.3175E-25
002.3256	1.2809E-25
002.3148	1.3166E-25
002.3041	1.3288E-25
002.2936	1.3216E-25
002.2831	1.4052E-25
002.2727	1.4026E-25
002.2624	1.4062E-25
002.2523	1.4007E-25
002.2422	1.3979E-25
002.2321	1.3960E-25
002.2222	1.3866E-25
002.2124	1.3927E-25
002.2026	1.3791E-25
002.1930	1.3764E-25
002.1834	1.3733E-25
002.1739	1.3614E-25
002.1645	1.3559E-25
002.1552	1.3386E-25
002.1459	1.3338E-25
002.1368	1.3112E-25
002.1277	1.2836E-25
002.1186	1.2543E-25
002.1097	1.2344E-25
002.1008	1.2153E-25
002.0921	1.1900E-25
002.0833	1.1564E-25
002.0747	1.1357E-25
002.0661	1.1069E-25
002.0576	1.0908E-25
002.0492	1.0623E-25
002.0408	1.0319E-25
002.0325	1.0188E-25
002.0243	1.0007E-25
002.0161	9.6733E-26
002.0080	9.5284E-26
002.0000	9.4076E-26
001.9920	9.2734E-26
001.9841	9.1802E-26
001.9763	9.1223E-26
001.9685	9.0681E-26
001.9608	8.9898E-26
001.9531	8.9175E-26
001.9455	8.9384E-26
001.9380	8.6815E-26
001.9305	8.8020E-26
001.9231	8.9138E-26
001.9157	8.8741E-26
001.9084	8.8538E-26
001.9011	8.7422E-26
001.8939	8.2987E-26
001.8868	8.4028E-26
001.8797	8.1396E-26
001.8727	7.9587E-26
001.8657	7.7086E-26
001.8587	7.3593E-26
001.8519	7.9273E-26
001.8450	7.6875E-26
001.8382	7.8542E-26
001.8315	7.9532E-26
001.8248	8.0236E-26
001.8182	7.7759E-26
001.8116	7.8808E-26
001.8051	7.8840E-26
001.7986	8.1235E-26
001.7921	8.0401E-26
001.7857	8.0974E-26
001.7794	8.4065E-26
001.7730	8.5258E-26
001.7668	8.7610E-26
001.7606	9.0663E-26
001.7544	9.0624E-26
001.7483	9.1776E-26
001.7422	9.4331E-26
001.7361	9.5085E-26
001.7301	9.6787E-26
001.7241	9.7648E-26
001.7182	9.8434E-26
001.7123	1.0226E-25
001.7065	1.0480E-25
001.7007	1.0599E-25
001.6949	1.0646E-25
001.6892	1.0708E-25
001.6835	1.0789E-25
001.6779	1.0683E-25
001.6722	1.0532E-25
001.6667	1.0521E-25
001.6611	1.0260E-25
001.6556	1.0294E-25
001.6502	1.0167E-25
001.6447	1.0089E-25
001.6393	9.9889E-26
001.6340	9.7980E-26
001.6287	9.6672E-26
001.6234	9.5611E-26
001.6181	9.3888E-26
001.6129	9.1750E-26
001.6077	9.0431E-26
001.6026	8.7779E-26
001.5974	8.6417E-26
001.5924	8.4705E-26
001.5873	8.2858E-26
001.5823	7.9764E-26
001.5773	7.7908E-26
001.5723	7.6524E-26
001.5674	7.5351E-26
001.5625	7.1789E-26
001.5576	6.7973E-26
001.5528	6.9135E-26
001.5480	6.7326E-26
001.5432	6.4107E-26
001.5385	6.2626E-26
001.5337	6.0409E-26
001.5291	5.9387E-26
001.5244	5.7627E-26
001.5198	5.6117E-26
001.5152	5.6607E-26
001.5106	5.4101E-26
001.5060	5.1501E-26
001.5015	5.0437E-26
001.4970	5.0182E-26
001.4925	4.7169E-26
001.4881	4.7733E-26
001.4837	4.7052E-26
001.4793	4.5980E-26
001.4749	4.4145E-26
001.4706	4.2924E-26
001.4663	4.4264E-26
001.4620	4.1934E-26
001.4577	4.3460E-26
001.4535	4.1653E-26
001.4493	4.0321E-26
001.4451	3.7893E-26
001.4409	3.7649E-26
001.4368	3.6961E-26
001.4327	3.5208E-26
001.4286	3.4862E-26
001.4245	3.4661E-26
001.4205	3.5122E-26
001.4164	3.4934E-26
001.4124	3.4831E-26
001.4085	3.5234E-26
001.4045	3.5799E-26
001.4006	3.4910E-26
001.3966	3.5400E-26
001.3928	3.5110E-26
001.3889	3.6344E-26
001.3850	3.5766E-26
001.3812	3.5782E-26
001.3774	3.4433E-26
001.3736	3.2557E-26
001.3699	3.2352E-26
001.3661	3.3466E-26
001.3624	3.2091E-26
001.3587	3.1269E-26
001.3550	3.0903E-26
001.3514	3.1949E-26
001.3477	3.2352E-26
001.3441	3.2771E-26
001.3405	3.6578E-26
001.3369	3.4943E-26
001.3333	3.4575E-26
001.3298	4.7781E-26
001.3263	5.1114E-26
001.3228	5.3030E-26
001.3193	5.3992E-26
001.3158	5.4209E-26
001.3123	5.5043E-26
001.3089	5.4609E-26
001.3055	5.5215E-26
001.3021	5.4031E-26
001.2987	5.4758E-26
001.2953	5.4423E-26
001.2920	5.2873E-26
001.2887	5.3159E-26
001.2853	5.3210E-26
001.2821	5.3243E-26
001.2788	5.2898E-26
001.2755	5.2458E-26
001.2723	5.1818E-26
001.2690	5.1820E-26
001.2658	5.1219E-26
001.2626	5.0844E-26
001.2594	5.0305E-26
001.2563	5.0364E-26
001.2531	4.5080E-26
001.2500	4.8907E-26
001.2469	4.8216E-26
001.2438	4.3888E-26
001.2407	4.6592E-26
001.2376	4.5854E-26
001.2346	4.4830E-26
001.2315	4.4361E-26
001.2285	4.3453E-26
001.2255	4.2648E-26
001.2225	4.1656E-26
001.2195	4.1555E-26
001.2165	4.0390E-26
001.2136	3.9518E-26
001.2107	3.9039E-26
001.2077	3.7770E-26
001.2048	3.7689E-26
001.2019	3.6684E-26
001.1990	3.5618E-26
001.1962	3.5065E-26
001.1933	3.4262E-26
001.1905	3.2872E-26
001.1876	3.2247E-26
001.1848	3.2132E-26
001.1820	3.1019E-26
001.1792	2.9315E-26
001.1765	2.6027E-26
001.1737	2.8626E-26
001.1710	2.7979E-26
001.1682	2.6722E-26
001.1655	2.7642E-26
001.1628	2.8000E-26
001.1601	2.8193E-26
001.1574	2.7312E-26
001.1547	2.7390E-26
001.1521	2.6894E-26
001.1494	2.7440E-26
001.1468	2.6597E-26
001.1442	2.5567E-26
001.1416	2.5332E-26
001.1390	2.5171E-26
001.1364	2.4188E-26
001.1338	2.2635E-26
001.1312	2.5403E-26
001.1287	2.6181E-26
001.1261	2.5757E-26
001.1236	2.4472E-26
001.1211	2.4107E-26
001.1186	2.3517E-26
001.1161	2.2964E-26
001.1136	2.3401E-26
001.1111	2.2804E-26
001.1086	2.3951E-26
001.1062	2.4025E-26
001.1038	2.4254E-26
001.1013	2.3838E-26
001.0989	2.4418E-26
001.0965	2.4604E-26
001.0941	2.4568E-26
001.0917	2.5959E-26
001.0893	2.6621E-26
001.0870	2.7080E-26
001.0846	2.7440E-26
001.0823	2.7318E-26
001.0799	2.7110E-26
001.0776	2.6704E-26
001.0753	2.6496E-26
001.0730	2.6254E-26
001.0707	2.5942E-26
001.0684	2.5676E-26
001.0661	2.5405E-26
001.0638	2.5143E-26
001.0616	2.4889E-26
001.0593	2.4500E-26
001.0571	2.4333E-26
001.0549	2.4020E-26
001.0526	2.3699E-26
001.0504	2.3443E-26
001.0482	2.3071E-26
001.0460	2.2876E-26
001.0438	2.2511E-26
001.0417	2.2333E-26
001.0395	2.1954E-26
001.0373	2.1760E-26
001.0352	2.1399E-26
001.0331	2.1074E-26
001.0309	2.0743E-26
001.0288	2.0440E-26
001.0267	2.0061E-26
001.0246	1.9786E-26
001.0225	1.9487E-26
001.0204	1.9122E-26
001.0183	1.8848E-26
001.0163	1.8780E-26
001.0142	1.8199E-26
001.0121	1.7958E-26
001.0101	1.7795E-26
001.0081	1.7378E-26
001.0060	1.7038E-26
001.0040	1.6783E-26
001.0020	1.6484E-26
001.0000	1.6186E-26
000.9980	1.6033E-26
000.9960	1.5572E-26
000.9940	1.5165E-26
000.9921	1.5189E-26
000.9901	1.4995E-26
000.9881	1.4526E-26
000.9862	1.4203E-26
000.9843	1.3748E-26
000.9823	1.3580E-26
000.9804	1.3334E-26
000.9785	1.3150E-26
000.9766	1.3016E-26
000.9747	1.2812E-26
000.9728	1.2121E-26
000.9709	1.2702E-26
000.9690	1.1999E-26
000.9671	1.1968E-26
000.9653	1.2080E-26
000.9634	1.1673E-26
000.9615	1.1310E-26
000.9597	1.1294E-26
000.9579	1.1308E-26
000.9560	1.1165E-26
000.9542	1.1312E-26
000.9524	1.0929E-26
000.9506	1.0640E-26
000.9488	1.0654E-26
000.9470	1.0619E-26
000.9452	1.0544E-26
000.9434	1.0475E-26
000.9416	1.0262E-26
000.9398	1.0182E-26
000.9381	9.7317E-27
000.9363	9.3129E-27
000.9346	9.0646E-27
000.9328	8.7861E-27
000.9311	8.8556E-27
000.9294	8.3500E-27
000.9276	8.3170E-27
000.9259	1.0119E-26
000.9242	1.0236E-26
000.9225	1.0441E-26
000.9208	1.0413E-26
000.9191	1.0062E-26
000.9174	9.8971E-27
000.9158	9.8563E-27
000.9141	9.8197E-27
000.9124	9.8246E-27
000.9107	9.7480E-27
000.9091	9.6555E-27
000.9074	9.5724E-27
000.9058	9.4878E-27
000.9042	9.3548E-27
000.9025	9.1362E-27
000.9009	8.9177E-27
000.8993	8.7104E-27
000.8977	8.5878E-27
000.8961	8.4946E-27
000.8945	8.3136E-27
000.8929	7.9783E-27
000.8913	8.2422E-27
000.8897	8.3516E-27
000.8881	8.2814E-27
000.8865	8.1935E-27
000.8850	8.1024E-27
000.8834	7.9808E-27
000.8818	7.8707E-27
000.8803	7.7585E-27
000.8787	7.6388E-27
000.8772	7.5408E-27
000.8757	7.4184E-27
000.8741	7.3060E-27
000.8726	7.2022E-27
000.8711	7.0832E-27
000.8696	6.9822E-27
000.8681	6.8688E-27
000.8666	6.7763E-27
000.8651	6.6621E-27
000.8636	6.5571E-27
000.8621	6.4519E-27
000.8606	6.3421E-27
000.8591	6.2425E-27
000.8576	6.1450E-27
000.8562	6.0262E-27
000.8547	5.9269E-27
000.8532	5.8178E-27
000.8518	5.7246E-27
000.8503	5.6188E-27
000.8489	5.5080E-27
000.8475	5.4248E-27
000.8460	5.3159E-27
000.8446	5.2215E-27
000.8432	5.1498E-27
000.8418	5.0387E-27
000.8403	4.9449E-27
000.8389	4.8576E-27
000.8375	4.7746E-27
000.8361	4.6555E-27
000.8347	4.6192E-27
000.8333	4.5177E-27
000.8319	4.4086E-27
000.8306	4.3289E-27
000.8292	4.2225E-27
000.8278	4.1736E-27
000.8264	4.0865E-27
000.8251	4.0031E-27
000.8237	3.8488E-27
000.8224	3.8092E-27
000.8210	3.7230E-27
000.8197	3.0638E-27
000.8183	3.3611E-27
000.8170	3.4758E-27
000.8157	3.3824E-27
000.8143	3.2746E-27
000.8130	3.1753E-27
000.8117	3.1143E-27
000.8104	3.0435E-27
000.8091	2.9760E-27
000.8078	2.9165E-27
000.8065	2.8410E-27
000.8052	2.7597E-27
000.8039	2.6718E-27
000.8026	2.5472E-27
000.8013	2.3752E-27
000.8000	2.2834E-27
000.7987	2.2021E-27
000.7974	2.1236E-27
000.7962	2.0448E-27
000.7949	1.9634E-27
000.7937	1.8847E-27
000.7924	1.7998E-27
000.7911	1.7179E-27
000.7899	1.6353E-27
000.7886	1.5490E-27
000.7874	1.4673E-27
000.7862	1.3784E-27
000.7849	1.2965E-27
000.7837	1.2086E-27
000.7825	1.1226E-27
000.7813	1.0372E-27
000.7800	9.4788E-28
000.7788	8.6482E-28
000.7776	7.7452E-28
000.7764	6.9258E-28
000.7752	6.0367E-28
000.7740	5.2117E-28
000.7728	4.3410E-28
000.7716	3.4704E-28
000.7704	2.6452E-28
000.7692	2.8430E-28
000.7680	2.8861E-28
000.7669	2.4176E-28
000.7657	2.6843E-28
000.7645	3.2720E-28
000.7634	3.8039E-28
000.7622	4.3914E-28
000.7610	4.9074E-28
000.7599	5.4653E-28
000.7587	5.9507E-28
000.7576	6.4629E-28
000.7564	6.9051E-28
000.7553	7.3626E-28
000.7541	7.7585E-28
000.7530	8.1532E-28
000.7519	8.4971E-28
000.7508	8.8269E-28
000.7496	9.1273E-28
000.7485	9.3921E-28
000.7474	9.6533E-28
000.7463	9.8633E-28
000.7452	1.0072E-27
000.7440	1.0226E-27
000.7429	1.0402E-27
000.7418	1.0524E-27
000.7407	1.0628E-27
000.7396	1.0721E-27
000.7386	1.0783E-27
000.7375	1.0858E-27
000.7364	1.0861E-27
000.7353	1.0904E-27
000.7342	1.0945E-27
000.7331	1.0952E-27
000.7321	1.0898E-27
000.7310	1.0899E-27
000.7299	1.0853E-27
000.7289	1.0888E-27
000.7278	1.0815E-27
000.7267	1.0780E-27
000.7257	1.0675E-27
000.7246	1.0644E-27
000.7236	1.0575E-27
000.7225	1.0524E-27
000.7215	1.0408E-27
000.7205	1.0271E-27
000.7194	1.0209E-27
000.7184	1.0083E-27
000.7174	9.8142E-28
000.7163	9.8597E-28
000.7153	9.9069E-28
000.7143	9.8227E-28
000.7133	9.7264E-28
000.7123	9.6171E-28
000.7112	9.5164E-28
000.7102	9.4084E-28
000.7092	9.2839E-28
000.7082	9.1813E-28
000.7072	9.0579E-28
000.7062	8.9514E-28
000.7052	8.8248E-28
000.7042	8.7043E-28
000.7032	8.5938E-28
000.7022	8.4626E-28
000.7013	8.3600E-28
000.7003	8.2359E-28
000.6993	8.1166E-28
000.6983	8.0066E-28
000.6974	7.8753E-28
000.6964	7.7409E-28
000.6954	7.6356E-28
000.6944	7.2904E-28
000.6935	7.3681E-28
000.6925	7.2129E-28
000.6916	7.0144E-28
000.6906	7.0551E-28
000.6897	6.9407E-28
000.6887	6.8403E-28
000.6878	6.7198E-28
000.6868	6.6059E-28
000.6859	6.5032E-28
000.6849	6.3801E-28
000.6840	6.2761E-28
000.6831	6.1692E-28
000.6821	6.0498E-28
000.6812	5.9535E-28
000.6803	5.8429E-28
000.6793	5.7325E-28
000.6784	5.6376E-28
000.6775	5.5267E-28
000.6766	5.4240E-28
000.6757	5.3320E-28
000.6748	5.2208E-28
000.6739	5.1254E-28
000.6729	5.0338E-28
000.6720	4.9266E-28
000.6711	4.8352E-28
000.6702	4.7464E-28
000.6693	4.6410E-28
000.6684	4.5553E-28
000.6676	4.4685E-28
000.6667	4.3662E-28
000.6658	4.2837E-28
000.6649	4.2000E-28
000.6640	4.1030E-28
000.6631	4.0207E-28
000.6623	3.9439E-28
000.6614	3.8492E-28
000.6605	3.7707E-28
000.6596	3.6950E-28
000.6588	3.6053E-28
000.6579	3.5275E-28
000.6570	3.4570E-28
000.6562	3.3731E-28
000.6553	3.2964E-28
000.6545	3.2297E-28
000.6536	3.1519E-28
000.6527	3.0728E-28
000.6519	3.0060E-28
000.6510	2.9390E-28
000.6502	2.8615E-28
000.6494	2.7967E-28
000.6485	2.7328E-28
000.6477	2.6577E-28
000.6468	2.5912E-28
000.6460	2.5356E-28
000.6452	2.4689E-28
000.6443	2.4014E-28
000.6435	2.3466E-28
000.6427	2.2888E-28
000.6418	2.2212E-28
000.6410	2.1635E-28
000.6402	2.1119E-28
000.6394	2.0516E-28
000.6386	1.9899E-28
000.6378	1.9398E-28
000.6369	1.8892E-28
000.6361	1.8296E-28
000.6353	1.7758E-28
000.6345	1.7300E-28
000.6337	1.6798E-28
000.6329	1.6233E-28
000.6321	1.5759E-28
000.6313	1.5333E-28
000.6305	1.4844E-28
000.6297	1.4325E-28
000.6289	1.3899E-28
000.6281	1.3497E-28
000.6274	1.3030E-28
000.6266	1.2556E-28
000.6258	1.2167E-28
000.6250	1.1795E-28
000.6242	1.1362E-28
000.6234	1.0924E-28
000.6227	1.0565E-28
000.6219	1.0223E-28
000.6211	9.8286E-29
000.6203	9.4220E-29
000.6196	9.0880E-29
000.6188	8.7774E-29
000.6180	8.4278E-29
000.6173	8.0500E-29
000.6165	7.6857E-29
000.6158	7.4252E-29
000.6150	7.1521E-29
000.6143	6.8102E-29
000.6135	6.5057E-29
000.6127	6.2487E-29
000.6120	5.9923E-29
000.6112	5.6985E-29
000.6105	5.4049E-29
000.6098	5.1627E-29
000.6090	4.9415E-29
000.6083	4.7032E-29
000.6075	4.4368E-29
000.6068	4.1998E-29
000.6061	4.0007E-29
000.6053	3.8079E-29
000.6046	3.5939E-29
000.6039	3.3677E-29
000.6031	3.1765E-29
000.6024	3.0115E-29
000.6017	2.8476E-29
000.6010	2.6655E-29
000.6002	2.4798E-29
000.5995	2.3250E-29
000.5988	2.1904E-29
000.5981	2.0573E-29
000.5974	1.9112E-29
000.5967	1.7622E-29
000.5959	1.6377E-29
000.5952	1.5310E-29
000.5945	1.4284E-29
000.5938	1.3189E-29
000.5931	1.2040E-29
000.5924	1.1049E-29
000.5917	1.0223E-29
000.5910	9.4570E-30
000.5903	8.6609E-30
000.5896	8.0367E-30
000.5889	7.9656E-30
000.5882	8.3513E-30
000.5875	8.7635E-30
000.5869	9.1826E-30
000.5862	9.6538E-30
000.5855	1.0190E-29
000.5848	1.0708E-29
000.5841	1.1171E-29
000.5834	1.1612E-29
000.5828	1.2072E-29
000.5821	1.2584E-29
000.5814	1.3153E-29
000.5807	1.3689E-29
000.5800	1.4183E-29
000.5794	1.4640E-29
000.5787	1.5101E-29
000.5780	1.5591E-29
000.5774	1.6157E-29
000.5767	1.6709E-29
000.5760	1.7197E-29
000.5754	1.7643E-29
000.5747	1.8078E-29
000.5741	1.8525E-29
000.5734	1.9012E-29
000.5727	1.9532E-29
000.5721	2.0026E-29
000.5714	2.0450E-29
000.5708	2.0846E-29
000.5701	2.1239E-29
000.5695	2.1596E-29
000.5688	2.1748E-29
000.5682	2.2396E-29
000.5675	2.2921E-29
000.5669	2.3289E-29
000.5663	2.3624E-29
000.5656	2.3945E-29
000.5650	2.4262E-29
000.5643	2.4589E-29
000.5637	2.4935E-29
000.5631	2.5278E-29
000.5624	2.5587E-29
000.5618	2.5859E-29
000.5612	2.6109E-29
000.5605	2.6346E-29
000.5599	2.6579E-29
000.5593	2.6813E-29
000.5587	2.7055E-29
000.5580	2.7295E-29
000.5574	2.7512E-29
000.5568	2.7700E-29
000.5562	2.7869E-29
000.5556	2.8025E-29
000.5549	2.8171E-29
000.5543	2.8312E-29
000.5537	2.8450E-29
000.5531	2.8587E-29
000.5525	2.8718E-29
000.5519	2.8832E-29
000.5513	2.8928E-29
000.5507	2.9009E-29
000.5501	2.9082E-29
000.5495	2.9146E-29
000.5488	2.9201E-29
000.5482	2.9251E-29
000.5476	2.9293E-29
000.5470	2.9328E-29
000.5464	2.9356E-29
000.5459	2.9374E-29
000.5453	2.9381E-29
000.5447	2.9380E-29
000.5441	2.9373E-29
000.5435	2.9359E-29
000.5429	2.9339E-29
000.5423	2.9313E-29
000.5417	2.9279E-29
000.5411	2.9237E-29
000.5405	2.9186E-29
000.5400	2.9129E-29
000.5394	2.9062E-29
000.5388	2.8992E-29
000.5382	2.8917E-29
000.5376	2.8840E-29
000.5371	2.8759E-29
000.5365	2.8674E-29
000.5359	2.8329E-29
000.5353	2.8494E-29
000.5348	2.8383E-29
000.5342	2.7926E-29
000.5336	2.8183E-29
000.5330	2.8037E-29
000.5325	2.7850E-29
000.5319	2.7805E-29
000.5313	2.7667E-29
000.5308	2.7527E-29
000.5302	2.7389E-29
000.5297	2.7250E-29
000.5291	2.7112E-29
000.5285	2.6971E-29
000.5280	2.6830E-29
000.5274	2.6688E-29
000.5269	2.6542E-29
000.5263	2.6394E-29
000.5258	2.6242E-29
000.5252	2.6089E-29
000.5247	2.5931E-29
000.5241	2.5769E-29
000.5236	2.5603E-29
000.5230	2.5432E-29
000.5225	2.5257E-29
000.5219	2.5076E-29
000.5214	2.4893E-29
000.5208	2.4708E-29
000.5203	2.4524E-29
000.5198	2.4342E-29
000.5192	2.4160E-29
000.5187	2.3980E-29
000.5181	2.3801E-29
000.5176	2.3623E-29
000.5171	2.3445E-29
000.5165	2.3266E-29
000.5160	2.3086E-29
000.5155	2.2686E-29
000.5149	2.2595E-29
000.5144	2.2548E-29
000.5139	2.2370E-29
000.5133	2.2188E-29
000.5128	2.2008E-29
000.5123	2.1827E-29
000.5118	2.1642E-29
000.5112	2.1252E-29
000.5107	2.1280E-29
000.5102	2.0965E-29
000.5097	2.0792E-29
000.5092	2.0732E-29
000.5086	2.0473E-29
000.5081	2.0369E-29
000.5076	2.0183E-29
000.5071	2.0002E-29
000.5066	1.9821E-29
000.5061	1.9639E-29
000.5056	1.9455E-29
000.5051	1.9273E-29
000.5045	1.9089E-29
000.5040	1.8903E-29
000.5035	1.8717E-29
000.5030	1.8548E-29
000.5025	1.8371E-29
000.5020	1.8192E-29
000.5015	1.8015E-29
000.5010	1.7841E-29
000.5005	1.7665E-29
000.5000	1.7489E-29
000.4995	1.7314E-29
000.4990	1.7127E-29
000.4985	1.6742E-29
000.4980	1.6042E-29
000.4975	1.6617E-29
000.4970	1.6436E-29
000.4965	1.6171E-29
000.4960	1.6113E-29
000.4955	1.5881E-29
000.4950	1.5722E-29
000.4946	1.5623E-29
000.4941	1.5425E-29
000.4936	1.5300E-29
000.4931	1.5138E-29
000.4926	1.4977E-29
000.4921	1.4817E-29
000.4916	1.4657E-29
000.4912	1.4498E-29
000.4907	1.4340E-29
000.4902	1.4183E-29
000.4897	1.4027E-29
000.4892	1.3871E-29
000.4888	1.3717E-29
000.4883	1.3563E-29
000.4878	1.3410E-29
000.4873	1.3174E-29
000.4869	1.3095E-29
000.4864	1.2913E-29
000.4859	1.2756E-29
000.4854	1.2662E-29
000.4850	1.2483E-29
000.4845	1.2373E-29
000.4840	1.2230E-29
000.4836	1.2088E-29
000.4831	1.1948E-29
000.4826	1.1810E-29
000.4822	1.1674E-29
000.4817	1.1540E-29
000.4812	1.1410E-29
000.4808	1.1198E-29
000.4803	1.1100E-29
000.4798	1.1027E-29
000.4794	1.0897E-29
000.4789	1.0754E-29
000.4785	1.0670E-29
000.4780	1.0569E-29
000.4776	1.0446E-29
000.4771	1.0322E-29
000.4766	1.0198E-29
000.4762	1.0072E-29
000.4757	9.8731E-30
000.4753	9.7264E-30
000.4748	9.6587E-30
000.4744	9.5195E-30
000.4739	9.4628E-30
000.4735	9.3449E-30
000.4730	9.2280E-30
000.4726	9.0744E-30
000.4721	8.9687E-30
000.4717	8.8905E-30
000.4713	8.7639E-30
000.4708	8.6818E-30
000.4704	8.6078E-30
000.4699	8.5147E-30
000.4695	8.4153E-30
000.4690	8.3154E-30
000.4686	8.2109E-30
000.4682	8.1043E-30
000.4677	7.9497E-30
000.4673	7.8906E-30
000.4669	7.4566E-30
000.4664	7.6389E-30
000.4660	8.1890E-30
000.4655	1.0378E-29
000.4651	1.0302E-29
000.4647	1.0030E-29
000.4643	9.9830E-30
000.4638	9.8973E-30
000.4634	9.7565E-30
000.4630	9.6635E-30
000.4625	9.5297E-30
000.4621	9.3869E-30
000.4617	9.2437E-30
000.4613	9.1016E-30
000.4608	8.9613E-30
000.4604	8.8233E-30
000.4600	8.6883E-30
000.4596	8.5585E-30
000.4591	8.4378E-30
000.4587	8.3317E-30
000.4583	8.2364E-30
000.4579	8.1355E-30
000.4575	8.0223E-30
000.4570	7.9022E-30
000.4566	7.7804E-30
000.4562	7.6589E-30
000.4558	7.5391E-30
000.4554	7.4208E-30
000.4550	7.2385E-30
000.4545	7.1411E-30
000.4541	7.0871E-30
000.4537	7.0195E-30
000.4533	6.9401E-30
000.4529	6.8461E-30
000.4525	6.7434E-30
000.4521	6.6379E-30
000.4517	6.5334E-30
000.4513	6.4293E-30
000.4509	6.3271E-30
000.4505	6.2241E-30
000.4500	5.9648E-30
000.4496	5.9054E-30
000.4492	5.9043E-30
000.4488	5.9230E-30
000.4484	5.8359E-30
000.4480	5.7449E-30
000.4476	5.6532E-30
000.4472	5.5629E-30
000.4468	5.4750E-30
000.4464	5.3905E-30
000.4460	5.3174E-30
000.4456	5.2608E-30
000.4452	5.2010E-30
000.4448	5.1264E-30
000.4444	5.0459E-30
000.4440	4.9647E-30
000.4437	4.8844E-30
000.4433	4.8053E-30
000.4429	4.7283E-30
000.4425	4.6226E-30
000.4421	4.5854E-30
000.4417	4.5646E-30
000.4413	4.4978E-30
000.4409	4.4264E-30
000.4405	4.3541E-30
000.4401	4.2823E-30
000.4398	4.1104E-30
000.4394	4.0623E-30
000.4390	4.0663E-30
000.4386	4.0611E-30
000.4382	4.0060E-30
000.4378	3.9424E-30
000.4374	3.8779E-30
000.4371	3.8141E-30
000.4367	3.7520E-30
000.4363	3.6951E-30
000.4359	3.6535E-30
000.4355	3.6173E-30
000.4352	3.5655E-30
000.4348	3.5056E-30
000.4344	3.4063E-30
000.4340	3.3918E-30
000.4337	3.3371E-30
000.4333	3.2892E-30
000.4329	3.2342E-30
000.4325	3.1626E-30
000.4322	3.1320E-30
000.4318	3.1174E-30
000.4314	3.0655E-30
000.4310	3.0145E-30
000.4307	2.9678E-30
000.4303	2.9355E-30
000.4299	2.9067E-30
000.4296	2.8628E-30
000.4292	2.8055E-30
000.4288	2.7624E-30
000.4284	2.7209E-30
000.4281	2.6427E-30
000.4277	2.6179E-30
000.4274	2.6016E-30
000.4270	2.5831E-30
000.4266	2.5398E-30
000.4263	2.4965E-30
000.4259	2.4542E-30
000.4255	2.4104E-30
000.4252	2.3875E-30
000.4248	2.3619E-30
000.4244	2.3051E-30
000.4241	2.2702E-30
000.4237	2.2492E-30
000.4234	2.2114E-30
000.4230	2.1807E-30
000.4227	2.1630E-30
000.4223	2.1331E-30
000.4219	2.0962E-30
000.4216	2.0317E-30
000.4212	2.0239E-30
000.4209	1.9919E-30
000.4205	1.9732E-30
000.4202	1.9514E-30
000.4198	1.9187E-30
000.4195	1.8848E-30
000.4191	1.8514E-30
000.4188	1.8200E-30
000.4184	1.7996E-30
000.4181	1.7827E-30
000.4177	1.7531E-30
000.4174	1.7216E-30
000.4170	1.6904E-30
000.4167	1.6607E-30
000.4163	1.6410E-30
000.4160	1.6260E-30
000.4156	1.5984E-30
000.4153	1.5688E-30
000.4149	1.5393E-30
000.4146	1.5114E-30
000.4143	1.4943E-30
000.4139	1.4790E-30
000.4136	1.4519E-30
000.4132	1.4233E-30
000.4129	1.3949E-30
000.4125	1.3686E-30
000.4122	1.3554E-30
000.4119	1.3365E-30
000.4115	1.3085E-30
000.4112	1.2794E-30
000.4108	1.2502E-30
000.4105	1.2257E-30
000.4102	1.2142E-30
000.4098	1.1877E-30
000.4095	1.1553E-30
000.4092	1.1207E-30
000.4088	1.0850E-30
000.4085	1.0634E-30
000.4082	1.0401E-30
000.4078	9.9558E-31
000.4075	9.4139E-31
000.4072	8.7697E-31
000.4068	8.1303E-31
000.4065	7.8057E-31
000.4062	6.8610E-31
000.4058	5.4132E-31
000.4055	3.4219E-31
000.4052	1.2240E-31
000.4049	7.7414E-32
000.4045	2.1331E-32
000.4042	1.1415E-31
000.4039	3.2181E-31
000.4036	4.7647E-31
000.4032	5.3075E-31
000.4029	5.9522E-31
000.4026	6.6208E-31
000.4023	7.0451E-31
000.4019	7.2946E-31
000.4016	7.3791E-31
000.4013	7.4502E-31
000.4010	7.5183E-31
000.4006	7.5372E-31
000.4003	7.5204E-31
000.4000	7.4957E-31
000.3997	7.4746E-31
000.3994	7.4151E-31
000.3990	7.3400E-31
000.3987	7.2569E-31
000.3984	7.2058E-31
000.3981	7.1593E-31
000.3978	7.0645E-31
000.3975	6.9630E-31
000.3971	6.8626E-31
000.3968	6.8140E-31
000.3965	6.7511E-31
000.3962	6.6461E-31
000.3959	6.5388E-31
000.3956	6.4377E-31
000.3953	6.4022E-31
000.3949	6.3226E-31
000.3946	6.2164E-31
000.3943	6.1105E-31
000.3940	6.0195E-31
000.3937	5.9921E-31
000.3934	5.8996E-31
000.3931	5.7964E-31
000.3928	5.6951E-31
000.3925	5.6289E-31
000.3922	5.5893E-31
000.3918	5.4929E-31
000.3915	5.3945E-31
000.3912	5.3016E-31
000.3909	5.2697E-31
000.3906	5.2006E-31
000.3903	5.1069E-31
000.3900	5.0143E-31
000.3897	4.9414E-31
000.3894	4.9166E-31
000.3891	4.8318E-31
000.3888	4.7431E-31
000.3885	4.6584E-31
000.3882	4.6186E-31
000.3879	4.5431E-31
000.3876	4.4447E-31
000.3873	4.3620E-31
000.3870	4.2993E-31
000.3867	4.2761E-31
000.3864	4.1993E-31
000.3861	4.1203E-31
000.3858	4.0466E-31
000.3855	4.0273E-31
000.3852	3.9658E-31
000.3849	3.8909E-31
000.3846	3.8179E-31
000.3843	3.7792E-31
000.3840	3.7435E-31
000.3837	3.6731E-31
000.3834	3.6032E-31
000.3831	3.5477E-31
000.3828	3.5310E-31
000.3826	3.4664E-31
000.3823	3.4000E-31
000.3820	3.3393E-31
000.3817	3.3265E-31
000.3814	3.2703E-31
000.3811	3.2074E-31
000.3808	3.1472E-31
000.3805	3.1293E-31
000.3802	3.0844E-31
000.3799	3.0249E-31
000.3797	2.9669E-31
000.3794	2.9411E-31
000.3791	2.9082E-31
000.3788	2.8520E-31
000.3785	2.7968E-31
000.3782	2.7647E-31
000.3779	2.7412E-31
000.3776	2.6882E-31
000.3774	2.6358E-31
000.3771	2.6006E-31
000.3768	2.5831E-31
000.3765	2.5332E-31
000.3762	2.4836E-31
000.3759	2.4478E-31
000.3757	2.4335E-31
000.3754	2.3865E-31
000.3751	2.3394E-31
000.3748	2.3050E-31
000.3745	2.2922E-31
000.3743	2.2476E-31
000.3740	2.2032E-31
000.3737	2.1716E-31
000.3734	2.1586E-31
000.3731	2.1163E-31
000.3729	2.0743E-31
000.3726	2.0470E-31
000.3723	2.0323E-31
000.3720	1.9921E-31
000.3717	1.9524E-31
000.3715	1.9310E-31
000.3712	1.9128E-31
000.3709	1.8747E-31
000.3706	1.8373E-31
000.3704	1.8229E-31
000.3701	1.7999E-31
000.3698	1.7637E-31
000.3695	1.7287E-31
000.3693	1.7208E-31
000.3690	1.6930E-31
000.3687	1.6588E-31
000.3685	1.6267E-31
000.3682	1.6223E-31
000.3679	1.5920E-31
000.3676	1.5597E-31
000.3674	1.5321E-31
000.3671	1.5270E-31
000.3668	1.4966E-31
000.3666	1.4661E-31
000.3663	1.4471E-31
000.3660	1.4358E-31
000.3658	1.4065E-31
000.3655	1.3778E-31
000.3652	1.3699E-31
000.3650	1.3491E-31
000.3647	1.3213E-31
000.3644	1.2954E-31
000.3642	1.2924E-31
000.3639	1.2672E-31
000.3636	1.2409E-31
000.3634	1.2216E-31
000.3631	1.2149E-31
000.3628	1.1898E-31
000.3626	1.1652E-31
000.3623	1.1582E-31
000.3621	1.1406E-31
000.3618	1.1167E-31
000.3615	1.0948E-31
000.3613	1.0924E-31
000.3610	1.0703E-31
000.3608	1.0478E-31
000.3605	1.0350E-31
000.3602	1.0256E-31
000.3600	1.0039E-31
000.3597	9.8313E-32
000.3595	9.8069E-32
000.3592	9.6175E-32
000.3589	9.4128E-32
000.3587	9.2638E-32
000.3584	9.2104E-32
000.3582	9.0145E-32
000.3579	8.8237E-32
000.3577	8.7957E-32
000.3574	8.6312E-32
000.3571	8.4452E-32
000.3569	8.3030E-32
000.3566	8.2613E-32
000.3564	8.0833E-32
000.3561	7.9098E-32
000.3559	7.8870E-32
000.3556	7.7349E-32
000.3554	7.5658E-32
000.3551	7.4470E-32
000.3549	7.3988E-32
000.3546	7.2365E-32
000.3544	7.0801E-32
000.3541	7.0665E-32
000.3539	6.9194E-32
000.3536	6.7654E-32
000.3534	6.6888E-32
000.3531	6.6136E-32
000.3529	6.4651E-32
000.3526	6.3287E-32
000.3524	6.3163E-32
000.3521	6.1755E-32
000.3519	6.0353E-32
000.3516	6.0081E-32
000.3514	5.8958E-32
000.3511	5.7594E-32
000.3509	5.6619E-32
000.3506	5.6247E-32
000.3504	5.4928E-32
000.3501	5.3668E-32
000.3499	5.3584E-32
000.3497	5.2333E-32
000.3494	5.1062E-32
000.3492	5.0784E-32
000.3489	4.9791E-32
000.3487	4.8531E-32
000.3484	4.7651E-32
000.3482	4.7263E-32
000.3479	4.5989E-32
000.3477	4.4754E-32
000.3475	4.4662E-32
000.3472	4.3317E-32
000.3470	4.1858E-32
000.3467	4.1687E-32
000.3465	4.0173E-32
000.3463	3.8097E-32
000.3460	3.6937E-32
000.3458	3.5120E-32
000.3455	2.9887E-32
000.3453	2.0684E-32
000.3451	1.8059E-32
000.3448	1.9545E-33
000.3446	1.3189E-32
000.3444	1.3952E-32
000.3441	2.5752E-32
000.3439	2.9595E-32
000.3436	2.9703E-32
000.3434	3.0834E-32
000.3432	3.0968E-32
000.3429	3.0910E-32
000.3427	3.0652E-32
000.3425	3.0122E-32
000.3422	2.9826E-32
000.3420	2.9472E-32
000.3418	2.8756E-32
000.3415	2.8200E-32
000.3413	2.8002E-32
000.3411	2.7229E-32
000.3408	2.6521E-32
000.3406	2.6437E-32
000.3404	2.5644E-32
000.3401	2.4873E-32
000.3399	2.4832E-32
000.3397	2.4035E-32
000.3394	2.3238E-32
000.3392	2.3204E-32
000.3390	2.2412E-32
000.3388	2.1601E-32
000.3385	2.1548E-32
000.3383	2.0774E-32
000.3381	1.9949E-32
000.3378	1.9856E-32
000.3376	1.9112E-32
000.3374	1.8271E-32
000.3372	1.8115E-32
000.3369	1.7416E-32
000.3367	1.6552E-32
000.3365	1.6314E-32
000.3362	1.5671E-32
000.3360	1.4775E-32
000.3358	1.4448E-32
000.3356	1.3859E-32
000.3353	1.2923E-32
000.3351	1.2508E-32
000.3349	1.1962E-32
000.3347	1.0977E-32
000.3344	1.0487E-32
000.3342	9.9655E-33
000.3340	8.9285E-33
000.3338	8.3830E-33
000.3336	7.8660E-33
000.3333	6.7847E-33
000.3331	6.2188E-33
000.3329	5.6914E-33
000.3327	4.6030E-33
000.3324	4.0752E-33
000.3322	3.5407E-33
000.3320	2.5407E-33
000.3318	2.1380E-33
000.3316	1.6477E-33
000.3313	9.1917E-34
000.3311	7.2312E-34
000.3309	4.0562E-34
000.3307	1.2519E-34
000.3305	1.0350E-34
000.3303	5.1939E-35
000.3300	1.8914E-34
000.3298	2.5360E-34
000.3296	5.0544E-34
000.3294	9.9310E-34
000.3292	1.0687E-33
000.3289	1.6015E-33
000.3287	2.2652E-33
000.3285	2.3105E-33
000.3283	2.9377E-33
000.3281	3.5766E-33
000.3279	3.5974E-33
000.3277	4.1709E-33
000.3274	4.6946E-33
000.3272	4.7058E-33
000.3270	5.1649E-33
000.3268	5.5556E-33
000.3266	5.5677E-33
000.3264	5.9066E-33
000.3262	6.1704E-33
000.3259	6.1912E-33
000.3257	6.4239E-33
000.3255	6.5734E-33
000.3253	6.6109E-33
000.3251	6.7565E-33
000.3249	6.8138E-33
000.3247	6.8653E-33
000.3245	6.9408E-33
000.3243	6.9507E-33
000.3240	6.9860E-33
000.3238	7.0020E-33
000.3236	7.0011E-33
000.3234	6.9869E-33
000.3232	6.9343E-33
000.3230	6.9325E-33
000.3228	6.8135E-33
000.3226	6.5118E-33
000.3224	6.4984E-33
000.3222	5.1468E-33
000.3220	1.9368E-33
000.3218	1.2914E-33
000.3215	5.1521E-33
000.3213	5.6265E-33
000.3211	6.2519E-33
000.3209	6.4306E-33
000.3207	6.4315E-33
000.3205	6.4386E-33
000.3203	6.3925E-33
000.3201	6.3914E-33
000.3199	6.3218E-33
000.3197	6.2420E-33
000.3195	6.2386E-33
000.3193	6.1478E-33
000.3191	6.0792E-33
000.3189	6.0522E-33
000.3187	5.9531E-33
000.3185	5.9338E-33
000.3183	5.8516E-33
000.3181	5.7489E-33
000.3179	5.7467E-33
000.3177	5.6446E-33
000.3175	5.5431E-33
000.3173	5.5399E-33
000.3171	5.4352E-33
000.3169	5.3626E-33
000.3167	5.3304E-33
000.3165	5.2260E-33
000.3163	5.2133E-33
000.3161	5.1220E-33
000.3159	5.0191E-33
000.3157	5.0179E-33
000.3155	4.9161E-33
000.3153	4.8228E-33
000.3151	4.8144E-33
000.3149	4.7138E-33
000.3147	4.6801E-33
000.3145	4.6142E-33
000.3143	4.5159E-33
000.3141	4.5137E-33
000.3139	4.4184E-33
000.3137	4.3255E-33
000.3135	4.3221E-33
000.3133	4.2270E-33
000.3131	4.1811E-33
000.3129	4.1328E-33
000.3127	4.0394E-33
000.3125	4.0367E-33
000.3123	3.9462E-33
000.3121	3.8552E-33
000.3119	3.8525E-33
000.3117	3.7564E-33
000.3115	3.7082E-33
000.3113	3.6526E-33
000.3111	3.5254E-33
000.3109	3.5208E-33
000.3108	3.2884E-33
000.3106	1.9668E-33
000.3104	1.9033E-33
000.3102	1.7938E-33
000.3100	2.1460E-33
000.3098	3.0582E-33
000.3096	3.1366E-33
000.3094	3.1366E-33
000.3092	3.1048E-33
000.3090	3.0569E-33
000.3088	3.0490E-33
000.3086	2.9860E-33
000.3085	2.9810E-33
000.3083	2.9206E-33
000.3081	2.8557E-33
000.3079	2.8547E-33
000.3077	2.7893E-33
000.3075	2.7597E-33
000.3073	2.7246E-33
000.3071	2.6609E-33
000.3069	2.6603E-33
000.3067	2.5981E-33
000.3066	2.5445E-33
000.3064	2.5365E-33
000.3062	2.4761E-33
000.3060	2.4730E-33
000.3058	2.4167E-33
000.3056	2.3598E-33
000.3054	2.3584E-33
000.3053	2.3010E-33
000.3051	2.2884E-33
000.3049	2.2438E-33
000.3047	2.1868E-33
000.3045	2.1864E-33
000.3043	2.1269E-33
000.3041	2.0850E-33
000.3040	2.0474E-33
000.3038	1.3211E-33
000.3036	1.3223E-33
000.3034	1.7270E-33
000.3032	1.8703E-33
000.3030	1.9127E-33
000.3028	1.8814E-33
000.3027	1.8808E-33
000.3025	1.8393E-33
000.3023	1.8004E-33
000.3021	1.7955E-33
000.3019	1.7518E-33
000.3018	1.7507E-33
000.3016	1.7085E-33
000.3014	1.6687E-33
000.3012	1.6658E-33
000.3010	1.6237E-33
000.3008	1.6222E-33
000.3007	1.5819E-33
000.3005	1.5419E-33
000.3003	1.5398E-33
000.3001	1.4949E-33
000.2999	1.4925E-33
000.2998	1.4345E-33
000.2996	1.0772E-33
000.2994	1.0589E-33
000.2992	9.4739E-34
000.2990	9.6009E-34
000.2989	1.3253E-33
000.2987	1.3154E-33
000.2985	1.3147E-33
000.2983	1.2869E-33
000.2982	1.2863E-33
000.2980	1.2561E-33
000.2978	1.2279E-33
000.2976	1.2248E-33
000.2974	1.1933E-33
000.2973	1.1930E-33
000.2971	1.1615E-33
000.2969	1.1325E-33
000.2967	1.1250E-33
000.2966	8.2186E-34
000.2964	8.2248E-34
000.2962	1.0450E-33
000.2960	1.0444E-33
000.2959	1.0440E-33
000.2957	1.0188E-33
000.2955	1.0187E-33
000.2953	9.9215E-34
000.2952	9.8568E-34
000.2950	9.6524E-34
000.2948	9.3568E-34
000.2946	9.3534E-34
000.2945	7.1313E-34
000.2943	7.2202E-34
000.2941	8.7566E-34
000.2939	8.6516E-34
000.2938	8.6453E-34
000.2936	8.4151E-34
000.2934	8.4131E-34
000.2933	8.1670E-34
000.2931	7.0773E-34
000.2929	6.5543E-34
000.2927	7.5248E-34
000.2926	7.5266E-34
000.2924	7.5015E-34
000.2922	7.4660E-34
000.2921	7.2816E-34
000.2919	6.0268E-34
000.2917	5.9996E-34
000.2915	6.7893E-34
000.2914	6.7876E-34
000.2912	6.6496E-34
000.2910	5.9222E-34
000.2909	5.6680E-34
000.2907	6.1702E-34
000.2905	6.1709E-34
000.2904	6.0168E-34
000.2902	5.9257E-34
000.2900	5.2273E-34
000.2899	5.5905E-34
000.2897	5.6046E-34
000.2895	4.9544E-34
000.2894	4.9538E-34
000.2892	4.8542E-34
000.2890	4.8917E-34
000.2889	4.9395E-34
000.2887	4.4588E-34
000.2885	4.4553E-34
000.2884	4.2434E-34
000.2882	4.2393E-34
000.2880	4.0060E-34
000.2879	3.7117E-34
000.2877	3.6067E-34
000.2875	3.3702E-34
000.2874	3.3696E-34
000.2872	3.0257E-34
000.2870	3.0151E-34
000.2869	2.7541E-34
000.2867	2.2952E-34
000.2865	2.2175E-34
000.2864	1.5875E-34
000.2862	1.5865E-34
000.2860	8.9218E-35
000.2859	8.5949E-35
000.2857	2.8249E-35
000.2856	5.2961E-36
000.2854	2.1445E-36
000.2852	1.2874E-35
000.2851	1.2904E-35
000.2849	5.7936E-35
000.2847	6.0386E-35
000.2846	1.1416E-34
000.2844	1.5440E-34
000.2843	1.6213E-34
000.2841	1.9774E-34
000.2839	1.9780E-34
000.2838	2.2276E-34
000.2836	2.2311E-34
000.2834	2.3953E-34
000.2833	2.4686E-34
000.2831	2.5028E-34
000.2830	2.5665E-34
000.2828	2.5668E-34
000.2826	2.5992E-34
000.2825	2.5993E-34
000.2823	2.6085E-34
000.2822	2.6060E-34
000.2820	2.6009E-34
000.2818	2.5813E-34
000.2817	2.5808E-34
000.2815	2.5516E-34
000.2814	2.5515E-34
000.2812	2.5156E-34
000.2811	2.5130E-34
000.2809	2.4745E-34
000.2807	2.4371E-34
000.2806	2.4298E-34
000.2804	2.3826E-34
000.2803	2.3825E-34
000.2801	2.3334E-34
000.2800	2.3331E-34
000.2798	2.2831E-34
000.2796	2.2703E-34
000.2795	2.2320E-34
000.2793	2.1829E-34
000.2792	2.1806E-34
000.2790	2.1292E-34
000.2789	2.1292E-34
000.2787	2.0778E-34
000.2786	2.0772E-34
000.2784	2.0269E-34
000.2782	2.0062E-34
000.2781	1.9764E-34
000.2779	1.9277E-34
000.2778	1.9265E-34
000.2776	1.8773E-34
000.2775	1.8773E-34
000.2773	1.8288E-34
000.2772	1.8283E-34
000.2770	1.7812E-34
000.2769	1.7637E-34
000.2767	1.7343E-34
000.2765	1.6899E-34
000.2764	1.6884E-34
000.2762	1.6433E-34
000.2761	1.6432E-34
000.2759	1.5990E-34
000.2758	1.5988E-34
000.2756	1.5557E-34
000.2755	1.5484E-34
000.2753	1.5132E-34
000.2752	1.4760E-34
000.2750	1.4716E-34
000.2749	1.4309E-34
000.2747	1.4308E-34
000.2746	1.3909E-34
000.2744	1.3908E-34
000.2743	1.3518E-34
000.2741	1.3507E-34
000.2740	1.3134E-34
000.2738	1.2950E-34
000.2737	1.2758E-34
000.2735	1.2400E-34
000.2734	1.2389E-34
000.2732	1.2027E-34
000.2731	1.2027E-34
000.2729	1.1671E-34
000.2728	1.1670E-34
000.2726	1.1320E-34
000.2725	1.1305E-34
000.2723	1.0973E-34
000.2722	1.0785E-34
000.2720	1.0629E-34
000.2719	1.0298E-34
000.2717	1.0288E-34
000.2716	9.9461E-35
000.2714	9.9457E-35
000.2713	9.6009E-35
000.2711	9.6006E-35
000.2710	9.2497E-35
000.2709	9.2436E-35
000.2707	8.8868E-35
000.2706	8.7793E-35
000.2704	8.5045E-35
000.2703	8.1338E-35
000.2701	8.0911E-35
000.2700	7.6304E-35
000.2698	7.6279E-35
000.2697	7.0840E-35
000.2695	7.0838E-35
000.2694	6.4057E-35
000.2693	6.4041E-35
000.2691	5.4991E-35
000.2690	5.4594E-35
000.2688	4.2030E-35
000.2687	3.5271E-35
000.2685	2.3351E-35
000.2684	5.9949E-36
000.2682	4.2329E-36
000.2681	2.9023E-36
000.2680	2.8943E-36
000.2678	1.9225E-35
000.2677	1.9231E-35
000.2675	3.4922E-35
000.2674	3.4928E-35
000.2672	4.4067E-35
000.2671	4.4109E-35
000.2670	4.8879E-35
000.2668	4.9139E-35
000.2667	5.1237E-35
000.2665	5.1834E-35
000.2664	5.2192E-35
000.2662	5.2315E-35
000.2661	5.2321E-35
000.2660	5.1947E-35
000.2658	5.1945E-35
000.2657	5.1255E-35
000.2655	5.1255E-35
000.2654	5.0364E-35
000.2653	5.0364E-35
000.2651	4.9345E-35
000.2650	4.9340E-35
000.2648	4.8244E-35
000.2647	4.8199E-35
000.2646	4.7092E-35
000.2644	4.6753E-35
000.2643	4.5910E-35
000.2641	4.4958E-35
000.2640	4.4713E-35
000.2639	4.3541E-35
000.2637	4.3509E-35
000.2636	4.2308E-35
000.2634	4.2304E-35
000.2633	4.1103E-35
000.2632	4.1102E-35
000.2630	3.9905E-35
000.2629	3.9905E-35
000.2627	3.8712E-35
000.2626	3.8711E-35
000.2625	3.7520E-35
000.2623	3.7511E-35
000.2622	3.6322E-35
000.2621	3.6262E-35
000.2619	3.5111E-35
000.2618	3.4784E-35
000.2616	3.3869E-35
000.2615	3.2957E-35
000.2614	3.2570E-35
000.2612	3.1255E-35
000.2611	3.1167E-35
000.2610	2.9594E-35
000.2608	2.9577E-35
000.2607	2.7635E-35
000.2606	2.7631E-35
000.2604	2.4969E-35
000.2603	2.4968E-35
000.2601	2.0724E-35
000.2600	2.0724E-35
000.2599	1.2873E-35
000.2597	1.2870E-35
000.2596	2.0674E-36
000.2595	2.0701E-36
000.2593	4.5017E-36
000.2592	4.5528E-36
000.2591	1.4245E-35
000.2589	1.4353E-35
000.2588	1.8964E-35
000.2587	1.9129E-35
000.2585	2.0782E-35
000.2584	2.0957E-35
000.2583	2.1382E-35
000.2581	2.1409E-35
000.2580	2.1425E-35
000.2579	2.1223E-35
000.2577	2.1191E-35
000.2576	2.0822E-35
000.2575	2.0806E-35
000.2573	2.0340E-35
000.2572	2.0335E-35
000.2571	1.9812E-35
000.2569	1.9810E-35
000.2568	1.9249E-35
000.2567	1.9249E-35
000.2565	1.8656E-35
000.2564	1.8656E-35
000.2563	1.8027E-35
000.2561	1.8027E-35
000.2560	1.7347E-35
000.2559	1.7347E-35
000.2558	1.6576E-35
000.2556	1.6576E-35
000.2555	1.5622E-35
000.2554	1.5621E-35
000.2552	1.4246E-35
000.2551	1.4245E-35
000.2550	1.1715E-35
000.2548	1.1710E-35
000.2547	5.7280E-36
000.2546	5.7190E-36
000.2545	1.1395E-36
000.2543	1.1671E-36
000.2542	7.7809E-36
000.2541	7.8096E-36
000.2539	1.1196E-35
000.2538	1.1212E-35
000.2537	1.2156E-35
000.2535	1.2161E-35
000.2534	1.2332E-35
000.2533	1.2326E-35
000.2532	1.2206E-35
000.2530	1.2183E-35
000.2529	1.1942E-35
000.2528	1.1893E-35
000.2527	1.1584E-35
000.2525	1.1492E-35
000.2524	1.1122E-35
000.2523	1.0954E-35
000.2521	1.0507E-35
000.2520	1.0160E-35
000.2519	9.5267E-36
000.2518	8.5838E-36
000.2516	7.3485E-36
000.2515	4.6029E-36
000.2514	1.9022E-36
000.2513	2.6777E-36
000.2511	3.2759E-36
000.2510	5.7629E-36
000.2509	7.3341E-36
000.2508	7.9757E-36
000.2506	8.3225E-36
000.2505	8.4157E-36
000.2504	8.4607E-36
000.2503	8.3501E-36
000.2501	8.3002E-36
000.2500	8.0493E-36
000.2499	7.9387E-36
000.2498	7.4409E-36
000.2496	7.2170E-36
000.2495	5.7188E-36
000.2494	4.9992E-36
000.2493	2.4503E-36
000.2491	1.0838E-36
000.2490	3.5624E-36
000.2489	5.1136E-36
000.2488	5.8330E-36
000.2486	6.3829E-36
000.2485	6.4000E-36
000.2484	6.4167E-36
000.2483	6.2243E-36
000.2481	5.9730E-36
000.2480	5.4348E-36
000.2479	4.4505E-36
000.2478	3.4803E-36
000.2476	8.7964E-37
000.2475	1.4657E-36
000.2474	3.8763E-36
000.2473	4.0345E-36
000.2472	5.0805E-36
000.2470	5.0589E-36
000.2469	4.8191E-36
000.2468	4.7051E-36
000.2467	2.4673E-36
000.2465	2.4509E-36
000.2464	1.8570E-36
000.2463	1.8898E-36
000.2462	4.1953E-36
000.2461	4.1919E-36
000.2459	3.7092E-36
000.2458	3.7004E-36
000.2457	1.0259E-36
000.2456	1.0294E-36
000.2455	3.4130E-36
000.2453	3.4125E-36
000.2452	2.7533E-36
000.2451	2.7530E-36
000.2450	1.5250E-36
000.2449	1.5251E-36
000.2447	2.9003E-36
000.2446	2.9003E-36
000.2445	1.3132E-36
000.2444	1.3132E-36
000.2443	2.0354E-36
000.2441	2.0354E-36
000.2440	1.8593E-36
000.2439	1.8593E-36
000.2438	1.2797E-36
000.2437	1.2796E-36
000.2435	1.3536E-36
000.2434	1.3537E-36
000.2433	3.1144E-36
000.2432	3.1162E-36
000.2431	3.3970E-36
000.2430	3.3981E-36
000.2428	3.3774E-36
000.2427	3.3771E-36
000.2426	3.3112E-36
000.2425	3.3077E-36
000.2424	3.2386E-36
000.2422	3.2237E-36
000.2421	3.1775E-36
000.2420	3.1345E-36
000.2419	3.1172E-36
000.2418	3.0438E-36
000.2417	3.0396E-36
000.2415	2.9535E-36
000.2414	2.9526E-36
000.2413	2.8643E-36
000.2412	2.8642E-36
000.2411	2.7768E-36
000.2410	2.7768E-36
000.2408	2.6912E-36
000.2407	2.6912E-36
000.2406	2.6077E-36
000.2405	2.6077E-36
000.2404	2.5263E-36
000.2403	2.5263E-36
000.2402	2.4472E-36
000.2400	2.4472E-36
000.2399	2.3702E-36
000.2398	2.3702E-36
000.2397	2.2956E-36
000.2396	2.2954E-36
000.2395	2.2244E-36
000.2393	2.2227E-36
000.2392	2.1643E-36
000.2391	2.1538E-36
000.2390	2.1262E-36
000.2389	2.0853E-36
000.2388	2.0805E-36
000.2387	2.0188E-36
000.2385	2.0183E-36
000.2384	1.9544E-36
000.2383	1.9543E-36
000.2382	1.8918E-36
000.2381	1.8918E-36
000.2380	1.8312E-36
000.2379	1.8312E-36
000.2378	1.7725E-36
000.2376	1.7725E-36
000.2375	1.7155E-36
000.2374	1.7155E-36
000.2373	1.6603E-36
000.2372	1.6603E-36
000.2371	1.6075E-36
000.2370	1.6067E-36
000.2369	1.5633E-36
000.2367	1.5548E-36
000.2366	1.5412E-36
000.2365	1.5046E-36
000.2364	1.5033E-36
000.2363	1.4558E-36
000.2362	1.4558E-36
000.2361	1.4086E-36
000.2360	1.4086E-36
000.2358	1.3629E-36
000.2357	1.3629E-36
000.2356	1.3186E-36
000.2355	1.3186E-36
000.2354	1.2757E-36
000.2353	1.2757E-36
000.2352	1.2343E-36
000.2351	1.2341E-36
000.2350	1.1964E-36
000.2349	1.1939E-36
000.2347	1.1777E-36
000.2346	1.1549E-36
000.2345	1.1537E-36
000.2344	1.1171E-36
000.2343	1.1170E-36
000.2342	1.0805E-36
000.2341	1.0805E-36
000.2340	1.0450E-36
000.2339	1.0450E-36
000.2338	1.0107E-36
000.2336	1.0107E-36
000.2335	9.7754E-37
000.2334	9.7752E-37
000.2333	9.4595E-37
000.2332	9.4535E-37
000.2331	9.2560E-37
000.2330	9.1423E-37
000.2329	9.1270E-37
000.2328	8.8412E-37
000.2327	8.8408E-37
000.2326	8.5493E-37
000.2325	8.5493E-37
000.2323	8.2730E-37
000.2322	8.2730E-37
000.2321	8.0018E-37
000.2320	8.0017E-37
000.2319	7.7371E-37
000.2318	7.7367E-37
000.2317	7.4956E-37
000.2316	7.4802E-37
000.2315	7.4162E-37
000.2314	7.2311E-37
000.2313	7.2294E-37
000.2312	6.9913E-37
000.2311	6.9913E-37
000.2309	6.7590E-37
000.2308	6.7590E-37
000.2307	6.5344E-37
000.2306	6.5344E-37
000.2305	6.3170E-37
000.2304	6.3169E-37
000.2303	6.1152E-37
000.2302	6.1061E-37
000.2301	6.0532E-37
000.2300	5.9021E-37
000.2299	5.9010E-37
000.2298	5.7046E-37
000.2297	5.7045E-37
000.2296	5.5134E-37
000.2295	5.5134E-37
000.2294	5.3284E-37
000.2293	5.3283E-37
000.2291	5.1493E-37
000.2290	5.1489E-37
000.2289	5.0060E-37
000.2288	4.9757E-37
000.2287	4.9673E-37
000.2286	4.8090E-37
000.2285	4.8089E-37
000.2284	4.6493E-37
000.2283	4.6493E-37
000.2282	4.4978E-37
000.2281	4.4978E-37
000.2280	4.3462E-37
000.2279	4.3461E-37
000.2278	4.2074E-37
000.2277	4.1994E-37
000.2276	4.1813E-37
000.2275	4.0573E-37
000.2274	4.0572E-37
000.2273	3.9199E-37
000.2272	3.9199E-37
000.2271	3.7868E-37
000.2270	3.7868E-37
000.2269	3.6580E-37
000.2268	3.6579E-37
000.2267	3.5401E-37
000.2266	3.5331E-37
000.2264	3.5217E-37
000.2263	3.4132E-37
000.2262	3.4131E-37
000.2261	3.2984E-37
000.2260	3.2984E-37
000.2259	3.1868E-37
000.2258	3.1868E-37
000.2257	3.0842E-37
000.2256	3.0841E-37
000.2255	2.9990E-37
000.2254	2.9787E-37
000.2253	2.9767E-37
000.2252	2.8768E-37
000.2251	2.8768E-37
000.2250	2.7781E-37
000.2249	2.7781E-37
000.2248	2.6828E-37
000.2247	2.6828E-37
000.2246	2.5918E-37
000.2245	2.5906E-37
000.2244	2.5720E-37
000.2243	2.5009E-37
000.2242	2.5008E-37
000.2241	2.4157E-37
000.2240	2.4157E-37
000.2239	2.3375E-37
000.2238	2.3375E-37
000.2237	2.2589E-37
000.2236	2.2588E-37
000.2235	2.2124E-37
000.2234	2.1809E-37
000.2233	2.1806E-37
000.2232	2.1056E-37
000.2231	2.1056E-37
000.2230	2.0325E-37
000.2229	2.0325E-37
000.2228	1.9666E-37
000.2227	1.9666E-37
000.2226	1.9146E-37
000.2225	1.8995E-37
000.2224	1.8990E-37
000.2223	1.8334E-37
000.2222	1.8334E-37
000.2221	1.7694E-37
000.2220	1.7694E-37
000.2219	1.7118E-37
000.2218	1.7118E-37
000.2217	1.6692E-37
000.2216	1.6563E-37
000.2215	1.6560E-37
000.2214	1.6015E-37
000.2213	1.6015E-37
000.2212	1.5510E-37
000.2211	1.5510E-37
000.2210	1.4994E-37
000.2209	1.4993E-37
000.2208	1.4706E-37
000.2208	1.4483E-37
000.2207	1.4482E-37
000.2206	1.4042E-37
000.2205	1.4042E-37
000.2204	1.3576E-37
000.2203	1.3576E-37
000.2202	1.3170E-37
000.2201	1.3168E-37
000.2200	1.3113E-37
000.2199	1.2832E-37
000.2198	1.2832E-37
000.2197	1.2399E-37
000.2196	1.2399E-37
000.2195	7.1287E-38
000.2194	7.1284E-38
000.2193	1.4159E-38
000.2192	1.0302E-38
000.2191	1.0341E-38
000.2190	1.3566E-38
000.2189	1.3566E-38
000.2188	1.5628E-38
000.2187	1.5628E-38
000.2186	2.0696E-38
000.2185	2.0703E-38
000.2184	2.2664E-38
000.2183	2.7010E-38
000.2182	2.7012E-38
000.2182	3.3135E-38
000.2181	3.3135E-38
000.2180	3.9337E-38
000.2179	3.9338E-38
000.2178	4.0550E-38
000.2177	4.0668E-38
000.2176	4.0619E-38
000.2175	3.1235E-38
000.2174	3.1235E-38
000.2173	1.3803E-38
000.2172	1.3803E-38
000.2171	1.1500E-38
000.2170	1.1483E-38
000.2169	1.1626E-38
000.2168	1.4057E-38
000.2167	1.4058E-38
000.2166	1.7927E-38
000.2165	1.7927E-38
000.2165	2.1373E-38
000.2164	2.1376E-38
000.2163	2.2654E-38
000.2162	2.5914E-38
000.2161	2.5914E-38
000.2160	3.1439E-38
000.2159	3.1439E-38
000.2158	3.6962E-38
000.2157	3.6963E-38
000.2156	3.8455E-38
000.2155	3.9419E-38
000.2154	3.9414E-38
000.2153	2.8527E-38
000.2152	2.8527E-38
000.2151	2.1109E-38
000.2151	2.1108E-38
000.2150	1.5055E-38
000.2149	1.3372E-38
000.2148	1.3374E-38
000.2147	1.5373E-38
000.2146	1.5373E-38
000.2145	1.9309E-38
000.2144	1.9309E-38
000.2143	2.0559E-38
000.2142	2.0814E-38
000.2141	2.0818E-38
000.2140	2.5281E-38
000.2139	2.5281E-38
000.2139	2.8155E-38
000.2138	2.8155E-38
000.2137	3.0346E-38
000.2136	3.0915E-38
000.2135	3.0916E-38
000.2134	3.3232E-38
000.2133	3.3232E-38
000.2132	2.7621E-38
000.2131	2.7621E-38
000.2130	2.4773E-38
000.2129	2.3148E-38
000.2129	2.3147E-38
000.2128	1.4587E-38
000.2127	1.4587E-38
000.2126	1.6860E-38
000.2125	1.6860E-38
000.2124	1.7698E-38
000.2123	1.9529E-38
000.2122	1.9529E-38
000.2121	2.1252E-38
000.2120	2.1252E-38
000.2120	2.2763E-38
000.2119	2.2765E-38
000.2118	2.2832E-38
000.2117	2.3829E-38
000.2116	2.3829E-38
000.2115	2.5268E-38
000.2114	2.5268E-38
000.2113	2.5507E-38
000.2112	2.5509E-38
000.2111	2.5489E-38
000.2111	2.1869E-38
000.2110	2.1869E-38
000.2109	1.9363E-38
000.2108	1.9363E-38
000.2107	1.5619E-38
000.2106	1.4893E-38
000.2105	1.4893E-38
000.2104	1.6151E-38
000.2103	1.6151E-38
000.2103	1.7545E-38
000.2102	1.7545E-38
000.2101	1.7748E-38
000.2100	1.8942E-38
000.2099	1.8942E-38
000.2098	1.9460E-38
000.2097	1.9460E-38
000.2096	1.9172E-38
000.2096	1.9169E-38
000.2095	1.9167E-38
000.2094	1.8639E-38
000.2093	1.8639E-38
000.2092	1.8199E-38
000.2091	1.8199E-38
000.2090	1.6779E-38
000.2089	1.5454E-38
000.2089	1.5454E-38
000.2088	1.3997E-38
000.2087	1.3997E-38
000.2086	1.2451E-38
000.2085	1.2445E-38
000.2084	1.2455E-38
000.2083	1.3786E-38
000.2082	1.3786E-38
000.2082	1.4014E-38
000.2081	1.4014E-38
000.2080	1.4203E-38
000.2079	1.4337E-38
000.2078	1.4337E-38
000.2077	1.4103E-38
000.2076	1.4103E-38
000.2076	1.3626E-38
000.2075	1.3624E-38
000.2074	1.3622E-38
000.2073	1.3059E-38
000.2072	1.3059E-38
000.2071	1.2503E-38
000.2070	1.2503E-38
000.2070	1.2333E-38
000.2069	1.1870E-38
000.2068	1.1870E-38
000.2067	1.0097E-38
000.2066	1.0097E-38
000.2065	1.0283E-38
000.2064	1.0289E-38
000.2064	1.0289E-38
000.2063	1.0408E-38
000.2062	1.0408E-38
000.2061	1.0227E-38
000.2060	1.0226E-38
000.2059	1.0222E-38
000.2058	9.9867E-39
000.2058	9.9867E-39
000.2057	9.5589E-39
000.2056	9.5589E-39
000.2055	9.3367E-39
000.2054	9.0540E-39
000.2053	9.0540E-39
000.2053	8.8001E-39
000.2052	8.8001E-39
000.2051	8.5742E-39
000.2050	8.5655E-39
000.2049	8.5654E-39
000.2048	8.2214E-39
000.2048	8.2214E-39
000.2047	7.7373E-39
000.2046	7.7366E-39
000.2045	7.7358E-39
000.2044	7.5186E-39
000.2043	7.5186E-39
000.2042	7.3348E-39
000.2042	7.3348E-39
000.2041	7.3157E-39
000.2040	7.0282E-39
000.2039	7.0282E-39
000.2038	6.6644E-39
000.2037	6.6644E-39
000.2037	6.4654E-39
000.2036	6.2382E-39
000.2035	6.2382E-39
000.2034	5.8511E-39
000.2033	5.8511E-39
000.2033	5.7332E-39
000.2032	5.7200E-39
000.2031	5.7200E-39
000.2030	5.6994E-39
000.2029	5.6994E-39
000.2028	5.3644E-39
000.2028	5.3597E-39
000.2027	5.3596E-39
000.2026	5.2505E-39
000.2025	5.2505E-39
000.2024	5.1126E-39
000.2023	5.1123E-39
000.2023	5.1120E-39
000.2022	4.8159E-39
000.2021	4.8159E-39
000.2020	4.5755E-39
000.2019	4.5754E-39
000.2019	4.5742E-39
000.2018	4.2719E-39
000.2017	4.2719E-39
000.2016	3.9374E-39
000.2015	3.9373E-39
000.2015	3.9331E-39
000.2014	3.5926E-39
000.2013	3.5926E-39
000.2012	3.7377E-39
000.2011	3.7377E-39
000.2010	3.7364E-39
000.2010	3.6910E-39
000.2009	3.6910E-39
000.2008	3.4497E-39
000.2007	3.4497E-39
000.2006	3.4481E-39
000.2006	3.4173E-39
000.2005	3.4173E-39
000.2004	3.3144E-39
000.2003	3.3144E-39
000.2002	3.2975E-39
000.2002	3.0515E-39
000.2001	3.0515E-39
000.2000	2.6942E-39
000.1999	2.6942E-39
000.1998	2.6925E-39
000.1998	2.6681E-39
000.1997	2.6681E-39
000.1996	2.4121E-39
000.1995	2.4121E-39
000.1994	2.4087E-39
000.1994	2.3451E-39
000.1993	2.3451E-39
000.1992	2.4553E-39
000.1991	2.4553E-39
000.1990	2.4527E-39
000.1990	2.3693E-39
000.1989	2.3693E-39
000.1988	2.3012E-39
000.1987	2.3012E-39
000.1986	2.3000E-39
000.1986	2.2130E-39
000.1985	2.2130E-39
000.1984	2.0187E-39
000.1983	2.0187E-39
000.1983	2.0179E-39
000.1982	1.8417E-39
000.1981	1.8417E-39
000.1980	1.6163E-39
000.1979	1.6163E-39
000.1979	1.6163E-39
000.1978	1.6565E-39
000.1977	1.6565E-39
000.1976	1.5691E-39
000.1976	1.5690E-39
000.1975	1.5690E-39
000.1974	1.6436E-39
000.1973	1.6436E-39
000.1972	1.5011E-39
000.1972	1.4997E-39
000.1971	1.4997E-39
000.1970	1.5432E-39
000.1969	1.5432E-39
000.1969	1.5006E-39
000.1968	1.4972E-39
000.1967	1.4972E-39
000.1966	1.3533E-39
000.1965	1.3533E-39
000.1965	1.2792E-39
000.1964	1.2147E-39
000.1963	1.2147E-39
000.1962	1.1063E-39
000.1962	1.1063E-39
000.1961	1.0918E-39
000.1960	9.0511E-40
000.1959	9.0511E-40
000.1958	9.8172E-40
000.1958	9.8172E-40
000.1957	9.8205E-40
000.1956	1.0662E-39
000.1955	1.0662E-39
000.1955	9.4317E-40
000.1954	9.4306E-40
000.1953	9.4305E-40
000.1952	8.3373E-40
000.1952	8.3373E-40
000.1951	8.3767E-40
000.1950	8.3777E-40
000.1949	8.3777E-40
000.1949	8.4949E-40
000.1948	8.4949E-40
000.1947	8.1265E-40
000.1946	7.7201E-40
000.1946	7.7201E-40
000.1945	6.6392E-40
000.1944	6.6392E-40
000.1943	6.6234E-40
000.1943	5.6446E-40
000.1942	5.6446E-40
000.1941	4.1226E-40
000.1940	4.1221E-40
000.1939	4.1223E-40
000.1939	5.0544E-40
000.1938	5.0544E-40
000.1937	6.2460E-40
000.1936	6.2797E-40
000.1936	6.2797E-40
000.1935	5.0338E-40
000.1934	5.0338E-40
000.1933	4.8887E-40
000.1933	4.3967E-40
000.1932	4.3967E-40
000.1931	4.4508E-40
000.1931	4.4508E-40
000.1930	4.4512E-40
000.1929	4.6495E-40
000.1928	4.6495E-40
000.1928	4.2149E-40
000.1927	4.2129E-40
000.1926	4.2129E-40
000.1925	3.4600E-40
000.1925	3.4600E-40
000.1924	3.0798E-40
000.1923	2.6390E-40
000.1922	2.6390E-40
000.1922	1.7558E-40
000.1921	1.7558E-40
000.1920	1.7592E-40
000.1919	3.1295E-40
000.1919	3.1295E-40
000.1918	3.5470E-40
000.1917	3.5489E-40
000.1916	3.5489E-40
000.1916	2.8036E-40
000.1915	2.8036E-40
000.1914	2.5869E-40
000.1914	2.0275E-40
000.1913	2.0275E-40
000.1912	2.9179E-40
000.1911	2.9179E-40
000.1911	2.9176E-40
000.1910	2.2600E-40
000.1909	2.2600E-40
000.1908	2.1234E-40
000.1908	2.1192E-40
000.1907	2.1192E-40
000.1906	2.0428E-40
000.1905	2.0428E-40
000.1905	2.0251E-40
000.1904	1.3411E-40
000.1903	1.3411E-40
000.1903	1.4423E-40
000.1902	1.4424E-40
000.1901	1.4424E-40
000.1900	2.1665E-40
000.1900	2.1665E-40
000.1899	2.0967E-40
000.1898	1.9953E-40
000.1898	1.9953E-40
000.1897	2.1736E-40
000.1896	2.1736E-40
000.1895	2.1736E-40
000.1895	1.9449E-40
000.1894	1.9449E-40
000.1893	1.4994E-40
000.1893	1.4518E-40
000.1892	1.4518E-40
000.1891	1.2745E-40
000.1890	1.2745E-40
000.1890	1.2737E-40
000.1889	8.6607E-41
000.1888	8.6607E-41
000.1888	1.5659E-40
000.1887	1.5768E-40
000.1886	1.5768E-40
000.1885	1.3257E-40
000.1885	1.3257E-40
000.1884	1.3230E-40
000.1883	1.0092E-40
000.1883	1.0092E-40
000.1882	7.9437E-41
000.1881	7.9340E-41
000.1880	7.9340E-41
000.1880	6.2011E-41
000.1879	6.2011E-41
000.1878	6.2760E-41
000.1878	1.0414E-40
000.1877	1.0414E-40
000.1876	8.4091E-41
000.1875	8.4038E-41
000.1875	8.4038E-41
000.1874	6.5191E-41
000.1873	6.5191E-41
000.1873	6.4751E-41
000.1872	4.1276E-41
000.1871	4.1276E-41
000.1871	2.4791E-41
000.1870	2.4740E-41
000.1869	2.4740E-41
000.1868	8.2829E-41
000.1868	8.2829E-41
000.1867	8.2645E-41
000.1866	6.3338E-41
000.1866	6.3338E-41
000.1865	4.6127E-41
000.1864	4.5996E-41
000.1864	4.5996E-41
000.1863	3.3879E-41
000.1862	3.3879E-41
000.1862	3.3839E-41
000.1861	1.7083E-41
000.1860	1.7083E-41
000.1859	4.8898E-41
000.1859	5.0117E-41
000.1858	5.0117E-41
000.1857	3.3195E-41
000.1857	3.3195E-41
000.1856	3.3192E-41
000.1855	2.3007E-41
000.1855	2.3007E-41
000.1854	1.3137E-41
000.1853	9.1764E-42
000.1853	9.1764E-42
000.1852	1.1608E-41
000.1851	1.1608E-41
000.1850	1.1608E-41
000.1850	4.1308E-41
000.1849	4.1308E-41
000.1848	4.0288E-41
000.1848	3.1285E-41
000.1847	3.1285E-41
000.1846	1.9546E-41
000.1846	1.9530E-41
000.1845	1.9530E-41
000.1844	1.2027E-41
000.1844	1.2027E-41
000.1843	1.2019E-41
000.1842	8.3543E-42
000.1842	8.3543E-42
000.1841	2.0926E-41
000.1840	2.1881E-41
000.1840	2.1881E-41
000.1839	1.2522E-41
000.1838	1.2522E-41
000.1838	1.2522E-41
000.1837	6.7491E-42
000.1836	6.7491E-42
000.1836	6.4012E-42
000.1835	3.0949E-42
000.1834	3.0949E-42
000.1834	1.6065E-41
000.1833	1.6095E-41
000.1832	1.6095E-41
000.1832	1.9465E-41
000.1831	1.9465E-41
000.1830	1.9467E-41
000.1829	2.5024E-41
000.1829	2.5024E-41
000.1828	2.0807E-41
000.1827	1.7438E-41
000.1827	1.7438E-41
000.1826	1.5847E-41
000.1825	1.5846E-41
000.1825	1.5846E-41
000.1824	8.0016E-42
000.1823	8.0016E-42
000.1823	8.0091E-42
000.1822	1.2488E-41
000.1821	1.2488E-41
000.1821	1.3856E-41
000.1820	1.4198E-41
000.1820	1.4198E-41
000.1819	9.8378E-42
000.1818	9.8373E-42
000.1818	9.8373E-42
000.1817	9.8260E-42
000.1816	9.8260E-42
000.1816	9.8256E-42
000.1815	9.6013E-42
000.1814	9.6013E-42
000.1814	5.3004E-42
000.1813	4.0240E-42
000.1812	4.0240E-42
000.1812	3.8959E-42
000.1811	3.8959E-42
000.1810	3.8959E-42
000.1810	3.6548E-42
000.1809	3.6548E-42
000.1808	3.6539E-42
000.1808	1.9992E-42
000.1807	1.9992E-42
000.1806	1.4049E-42
000.1806	5.9134E-43
000.1805	5.9134E-43
000.1804	1.4901E-42
000.1804	1.4912E-42
000.1803	1.4912E-42
000.1802	3.5900E-42
000.1802	3.5900E-42
000.1801	3.5899E-42
000.1801	1.5036E-42
000.1800	1.5036E-42
000.1799	1.4958E-42
000.1799	1.3024E-42
000.1798	1.3024E-42
000.1797	1.6031E-42
000.1797	1.6117E-42
000.1796	1.6117E-42
000.1795	5.2968E-43
000.1795	5.2964E-43
000.1794	5.2964E-43
000.1793	2.3236E-43
000.1793	2.3236E-43
000.1792	2.3246E-43
000.1791	4.1070E-43
000.1791	4.1070E-43
000.1790	3.5898E-43
000.1790	2.0705E-43
000.1789	2.0705E-43
000.1788	1.0998E-43
000.1788	1.0950E-43
000.1787	1.0950E-43
000.1786	4.1942E-43
000.1786	4.1943E-43
000.1785	4.1943E-43
000.1784	1.0403E-42
000.1784	1.0403E-42
000.1783	1.0398E-42
000.1783	3.7526E-43
000.1782	3.7526E-43
000.1781	3.4771E-43
000.1781	2.6600E-43
000.1780	2.6600E-43
000.1779	8.8243E-44
000.1779	8.6901E-44
000.1778	8.6901E-44
000.1777	8.7297E-44
000.1777	8.7297E-44
000.1776	8.7297E-44
000.1776	7.4226E-44
000.1775	7.4226E-44
000.1774	7.4235E-44
000.1774	1.4319E-43
000.1773	1.4319E-43
000.1772	1.4059E-43
000.1772	7.0557E-44
000.1771	7.0557E-44
000.1771	1.6733E-44
000.1770	1.1143E-44
000.1769	1.1143E-44
000.1769	2.5680E-42
000.1768	2.5691E-42
000.1767	2.5691E-42
000.1767	5.0702E-42
000.1766	5.0702E-42
000.1766	5.0702E-42
000.1765	3.4142E-42
000.1764	3.4142E-42
000.1764	3.4143E-42
000.1763	3.4897E-42
000.1762	3.4897E-42
000.1762	3.3901E-42
000.1761	2.0408E-42
000.1761	2.0408E-42
000.1760	2.1433E-42
000.1759	2.1521E-42
000.1759	2.1521E-42
000.1758	1.8638E-42
000.1757	1.8636E-42
000.1757	1.8636E-42
000.1756	1.1058E-42
000.1756	1.1058E-42
000.1755	1.1058E-42
000.1754	5.3299E-43
000.1754	5.3299E-43
000.1753	5.3299E-43
000.1753	4.2773E-43
000.1752	4.2773E-43
000.1751	4.2640E-43
000.1751	1.9875E-43
000.1750	1.9875E-43
000.1749	1.6863E-43
000.1749	1.1358E-43
000.1748	1.1358E-43
000.1748	8.0235E-44
000.1747	7.9532E-44
000.1746	7.9532E-44
000.1746	7.6344E-44
000.1745	7.6343E-44
000.1745	7.6343E-44
000.1744	3.1359E-44
000.1743	3.1359E-44
000.1743	3.1359E-44
000.1742	6.1030E-44
000.1742	6.1030E-44
000.1741	6.1031E-44
000.1740	1.2473E-43
000.1740	1.2473E-43
000.1739	1.2465E-43
000.1739	3.4456E-44
000.1738	3.4456E-44
000.1737	3.4462E-44
000.1737	3.4583E-44
000.1736	3.4583E-44
000.1736	1.6539E-44
000.1735	8.4602E-45
000.1734	8.4602E-45
000.1734	5.5623E-45
000.1733	5.5322E-45
000.1733	5.5322E-45
000.1732	2.2762E-45
000.1731	2.2754E-45
000.1731	2.2754E-45
000.1730	2.5565E-45
000.1730	2.5565E-45
000.1729	2.5565E-45
000.1728	2.8073E-45
000.1728	2.8073E-45
000.1727	2.8073E-45
000.1727	4.1028E-46
000.1726	4.1028E-46
000.1725	4.1030E-46
000.1725	9.6421E-46
000.1724	9.6421E-46
000.1724	9.7393E-46
000.1723	1.0043E-44
000.1722	1.0043E-44
000.1722	9.8506E-45
000.1721	1.9952E-45
000.1721	1.9952E-45
000.1720	2.0348E-45
000.1719	2.1119E-45
000.1719	2.1119E-45
000.1718	2.3170E-45
000.1718	2.3378E-45
000.1717	2.3378E-45
000.1716	6.3943E-46
000.1716	6.2964E-46
000.1715	6.2964E-46
000.1715	1.7890E-46
000.1714	1.7874E-46
000.1714	1.7874E-46
000.1713	1.3296E-46
000.1712	1.3296E-46
000.1712	1.3296E-46
000.1711	1.1870E-46
000.1711	1.1870E-46
000.1710	1.1870E-46
000.1709	5.4851E-47
000.1709	5.4851E-47
000.1708	5.4856E-47
000.1708	9.2198E-45
000.1707	9.2198E-45
000.1706	9.2198E-45
000.1706	1.7570E-44
000.1705	1.7570E-44
000.1705	1.7570E-44
000.1704	1.5941E-44
000.1704	1.5941E-44
000.1703	1.5935E-44
000.1702	3.9556E-45
000.1702	3.9556E-45
000.1701	4.1138E-45
000.1701	5.0837E-44
000.1700	5.0837E-44
000.1700	5.5569E-44
000.1699	2.5812E-43
000.1698	2.5812E-43
000.1698	2.5154E-43
000.1697	2.0681E-43
000.1697	2.0681E-43
000.1696	1.4864E-43
000.1695	7.9723E-44
000.1695	7.9723E-44
000.1694	8.0692E-44
000.1694	8.0911E-44
000.1693	8.0911E-44
000.1693	3.6306E-44
000.1692	3.4185E-44
000.1691	3.4185E-44
000.1691	3.3065E-44
000.1690	3.3053E-44
000.1690	3.3053E-44
000.1689	1.1298E-44
000.1689	1.1238E-44
000.1688	1.1238E-44
000.1687	6.0850E-45
000.1687	6.0810E-45
000.1686	6.0810E-45
000.1686	2.9369E-45
000.1685	2.9362E-45
000.1685	2.9362E-45
000.1684	2.4683E-45
000.1684	2.4683E-45
000.1683	2.4683E-45
000.1682	1.5098E-45
000.1682	1.5097E-45
000.1681	1.5097E-45
000.1681	2.2152E-45
000.1680	2.2152E-45
000.1680	2.2152E-45
000.1679	1.0512E-45
000.1678	1.0511E-45
000.1678	1.0511E-45
000.1677	7.1798E-46
000.1677	7.1798E-46
000.1676	7.1798E-46
000.1676	2.1458E-46
000.1675	2.1458E-46
000.1674	2.1458E-46
000.1674	4.1545E-47
000.1673	4.1545E-47
000.1673	4.1545E-47
000.1672	2.3953E-47
000.1672	2.3953E-47
000.1671	2.3953E-47
000.1671	1.5147E-47
000.1670	1.5147E-47
000.1669	1.5147E-47
000.1669	1.9038E-47
000.1668	1.9038E-47
000.1668	1.9038E-47
000.1667	1.4609E-47
000.1667	1.4609E-47
000.1666	1.4609E-47
000.1666	2.7598E-47
000.1665	2.7598E-47
000.1664	2.7598E-47
000.1664	1.6474E-47
000.1663	1.6474E-47
000.1663	1.6474E-47
000.1662	1.7706E-47
000.1662	1.7706E-47
000.1661	1.7706E-47
000.1661	1.0177E-47
000.1660	1.0177E-47
000.1659	1.0177E-47
000.1659	7.0873E-48
000.1658	7.0873E-48
000.1658	7.0873E-48
000.1657	5.3383E-48
000.1657	5.3383E-48
000.1656	5.3383E-48
000.1656	4.3356E-48
000.1655	4.3356E-48
000.1655	4.3356E-48
000.1654	3.7684E-48
000.1653	3.7684E-48
000.1653	3.7684E-48
000.1652	3.7700E-48
000.1652	3.7700E-48
000.1651	3.7700E-48
000.1651	1.4422E-47
000.1650	1.4422E-47
000.1650	1.4422E-47
000.1649	9.8363E-47
000.1649	9.8369E-47
000.1648	9.8369E-47
000.1647	9.7559E-47
000.1647	9.7559E-47
000.1646	9.7559E-47
000.1646	4.6363E-46
000.1645	4.6389E-46
000.1645	4.6389E-46
000.1644	1.1034E-45
000.1644	1.1051E-45
000.1643	1.1051E-45
000.1643	3.2428E-46
000.1642	3.1556E-46
000.1641	3.1556E-46
000.1641	1.5055E-46
000.1640	1.4203E-46
000.1640	1.4203E-46
000.1639	1.2790E-46
000.1639	1.2416E-46
000.1638	1.2416E-46
000.1638	9.4371E-47
000.1637	4.9231E-47
000.1637	4.9231E-47
000.1636	4.6347E-47
000.1636	1.8546E-47
000.1635	1.8546E-47
000.1635	1.8400E-47
000.1634	8.4483E-48
000.1633	8.4483E-48
000.1633	8.4391E-48
000.1632	3.5101E-48
000.1632	3.5101E-48
000.1631	3.5099E-48
000.1631	2.6785E-48
000.1630	2.6785E-48
000.1630	2.6785E-48
000.1629	2.3420E-48
000.1629	2.3420E-48
000.1628	2.3421E-48
000.1628	6.4546E-47
000.1627	6.4546E-47
000.1627	6.4546E-47
000.1626	5.1886E-47
000.1625	5.1886E-47
000.1625	5.1886E-47
000.1624	2.0494E-47
000.1624	2.0494E-47
000.1623	2.0494E-47
000.1623	1.4665E-47
000.1622	1.4665E-47
000.1622	1.4665E-47
000.1621	1.0226E-47
000.1621	1.0226E-47
000.1620	1.0226E-47
000.1620	4.0921E-48
000.1619	4.0888E-48
000.1619	4.0888E-48
000.1618	2.6243E-48
000.1618	2.6079E-48
000.1617	2.6079E-48
000.1617	1.7711E-48
000.1616	1.5552E-48
000.1616	1.5552E-48
000.1615	1.5216E-48
000.1614	1.2989E-48
000.1614	1.2989E-48
000.1613	1.2973E-48
000.1613	9.9451E-49
000.1612	9.9451E-49
000.1612	9.9451E-49
000.1611	1.0480E-48
000.1611	1.0480E-48
000.1610	1.0480E-48
000.1610	9.9939E-49
000.1609	9.9939E-49
000.1609	9.9939E-49
000.1608	9.7811E-49
000.1608	9.7811E-49
000.1607	9.7811E-49
000.1607	7.8572E-49
000.1606	7.8572E-49
000.1606	7.8572E-49
000.1605	7.1344E-49
000.1605	7.1344E-49
000.1604	7.1344E-49
000.1604	5.6863E-49
000.1603	5.6847E-49
000.1603	5.6847E-49
000.1602	5.0486E-49
000.1602	5.0047E-49
000.1601	5.0047E-49
000.1601	4.9474E-49
000.1600	4.6723E-49
000.1599	4.6723E-49
000.1599	4.6711E-49
000.1598	4.2342E-49
000.1598	4.2342E-49
000.1597	4.2342E-49
000.1597	3.9833E-49
000.1596	3.9833E-49
000.1596	3.9833E-49
000.1595	1.5077E-48
000.1595	1.5077E-48
000.1594	1.5077E-48
000.1594	8.8105E-48
000.1593	8.8105E-48
000.1593	8.8105E-48
000.1592	6.7010E-48
000.1592	6.7010E-48
000.1591	6.7010E-48
000.1591	3.4465E-48
000.1590	3.4315E-48
000.1590	3.4315E-48
000.1589	2.6261E-48
000.1589	2.0514E-48
000.1588	2.0514E-48
000.1588	2.0438E-48
000.1587	1.1045E-48
000.1587	1.1045E-48
000.1586	1.1045E-48
000.1586	9.0113E-49
000.1585	9.0113E-49
000.1585	9.0113E-49
000.1584	4.9304E-49
000.1584	4.9304E-49
000.1583	4.9304E-49
000.1583	3.4394E-49
000.1582	3.4394E-49
000.1582	3.4394E-49
000.1581	2.9411E-49
000.1581	2.9409E-49
000.1580	2.9409E-49
000.1580	2.1957E-49
000.1579	2.1458E-49
000.1579	2.1458E-49
000.1578	2.1367E-49
000.1578	1.9241E-49
000.1577	1.9241E-49
000.1577	1.9241E-49
000.1576	2.5791E-49
000.1576	2.5791E-49
000.1575	2.5791E-49
000.1575	3.0285E-49
000.1574	3.0285E-49
000.1574	3.0285E-49
000.1573	2.4928E-49
000.1573	2.4928E-49
000.1572	2.4928E-49
000.1572	1.8538E-49
000.1571	1.8535E-49
000.1571	1.8535E-49
000.1570	1.6672E-49
000.1570	1.6035E-49
000.1569	1.6035E-49
000.1569	1.6027E-49
000.1568	1.4188E-49
000.1568	1.4188E-49
000.1567	1.4188E-49
000.1567	1.2918E-49
000.1566	1.2918E-49
000.1566	1.2918E-49
000.1565	1.1233E-49
000.1565	1.1233E-49
000.1564	1.1233E-49
000.1564	1.0289E-49
000.1563	1.0289E-49
000.1563	1.0289E-49
000.1563	9.7138E-50
000.1562	9.6670E-50
000.1562	9.6670E-50
000.1561	9.6598E-50
000.1561	8.9091E-50
000.1560	8.9091E-50
000.1560	8.9091E-50
000.1559	1.0487E-49
000.1559	1.0487E-49
000.1558	1.0487E-49
000.1558	9.6831E-50
000.1557	9.6831E-50
000.1557	9.6831E-50
000.1556	9.0089E-50
000.1556	9.0088E-50
000.1555	9.0088E-50
000.1555	8.1842E-50
000.1554	7.9107E-50
000.1554	7.9107E-50
000.1553	7.9094E-50
000.1553	6.8908E-50
000.1552	6.8908E-50
000.1552	6.8907E-50
000.1551	6.4270E-50
000.1551	6.4270E-50
000.1550	6.4270E-50
000.1550	5.8422E-50
000.1549	5.8422E-50
000.1549	5.8422E-50
000.1548	5.4531E-50
000.1548	5.4506E-50
000.1548	5.4506E-50
000.1547	5.4400E-50
000.1547	5.1797E-50
000.1546	5.1797E-50
000.1546	5.1797E-50
000.1545	4.8868E-50
000.1545	4.8868E-50
000.1544	4.8868E-50
000.1544	4.4509E-50
000.1543	4.4509E-50
000.1543	4.4509E-50
000.1542	1.2208E-49
000.1542	1.2213E-49
000.1541	1.2213E-49
000.1541	1.2943E-49
000.1540	1.6427E-49
000.1540	1.6427E-49
000.1539	1.6427E-49
000.1539	6.6615E-50
000.1538	6.6615E-50
000.1538	6.6615E-50
000.1538	6.3440E-50
000.1537	6.3440E-50
000.1537	6.3440E-50
000.1536	4.0984E-50
000.1536	4.0972E-50
000.1535	4.0972E-50
000.1535	4.0445E-50
000.1534	3.7281E-50
000.1534	3.7281E-50
000.1533	3.7281E-50
000.1533	3.5973E-50
000.1532	3.5973E-50
000.1532	3.5973E-50
000.1531	3.1215E-50
000.1531	3.1215E-50
000.1530	3.1215E-50
000.1530	2.8467E-50
000.1530	2.8460E-50
000.1529	2.8460E-50
000.1529	2.8368E-50
000.1528	2.3764E-50
000.1528	2.3764E-50
000.1527	2.3764E-50
000.1527	2.2084E-50
000.1526	2.2084E-50
000.1526	2.2084E-50
000.1525	2.3469E-50
000.1525	2.3469E-50
000.1524	2.3469E-50
000.1524	2.1848E-50
000.1523	2.1691E-50
000.1523	2.1691E-50
000.1523	2.1690E-50
000.1522	2.0009E-50
000.1522	2.0009E-50
000.1521	2.0009E-50
000.1521	1.7666E-50
000.1520	1.7666E-50
000.1520	1.7666E-50
000.1519	1.6077E-50
000.1519	1.6076E-50
000.1518	1.6076E-50
000.1518	1.6023E-50
000.1517	1.4794E-50
000.1517	1.4794E-50
000.1517	1.4794E-50
000.1516	1.3765E-50
000.1516	1.3765E-50
000.1515	1.3765E-50
000.1515	1.3063E-50
000.1514	1.3063E-50
000.1514	1.3063E-50
000.1513	1.2703E-50
000.1513	1.2509E-50
000.1512	1.2509E-50
000.1512	1.2509E-50
000.1511	1.2089E-50
000.1511	1.2089E-50
000.1511	1.2089E-50
000.1510	1.2121E-50
000.1510	1.2121E-50
000.1509	1.2121E-50
000.1509	1.7336E-50
000.1508	1.7526E-50
000.1508	1.7526E-50
000.1507	1.7526E-50
000.1507	1.5437E-50
000.1506	1.5437E-50
000.1506	1.5437E-50
000.1506	1.1920E-50
000.1505	1.1920E-50
000.1505	1.1920E-50
000.1504	9.2127E-51
000.1504	9.1930E-51
000.1503	9.1930E-51
000.1503	9.1931E-51
000.1502	9.2827E-51
000.1502	9.2827E-51
000.1502	9.2827E-51
000.1501	7.4236E-51
000.1501	7.4236E-51
000.1500	7.4236E-51
000.1500	6.5583E-51
000.1499	6.5545E-51
000.1499	6.5545E-51
000.1498	6.5544E-51
000.1498	6.3997E-51
000.1497	6.3997E-51
000.1497	6.3997E-51
000.1497	5.8178E-51
000.1496	5.8178E-51
000.1496	5.8178E-51
000.1495	5.2177E-51
000.1495	5.2129E-51
000.1494	5.2129E-51
000.1494	5.2130E-51
000.1493	5.5728E-51
000.1493	5.5728E-51
000.1493	5.5728E-51
000.1492	4.9664E-51
000.1492	4.9664E-51
000.1491	4.9664E-51
000.1491	4.4627E-51
000.1490	4.4403E-51
000.1490	4.4403E-51
000.1489	4.4403E-51
000.1489	4.1220E-51
000.1489	4.1220E-51
000.1488	4.1220E-51
000.1488	3.8191E-51
000.1487	3.8191E-51
000.1487	3.8191E-51
000.1486	3.6907E-51
000.1486	3.5909E-51
000.1485	3.5909E-51
000.1485	3.5909E-51
000.1485	3.3664E-51
000.1484	3.3664E-51
000.1484	3.3664E-51
000.1483	3.1591E-51
000.1483	3.1591E-51
000.1482	3.1591E-51
000.1482	3.1559E-51
000.1481	3.0200E-51
000.1481	3.0200E-51
000.1481	3.0200E-51
000.1480	2.9099E-51
000.1480	2.9099E-51
000.1479	2.9099E-51
000.1479	2.5871E-51
000.1478	2.5857E-51
000.1478	2.5857E-51
000.1478	2.5857E-51
000.1477	2.7700E-51
000.1477	2.7700E-51
000.1476	2.7700E-51
000.1476	2.4182E-51
000.1475	2.4182E-51
000.1475	2.4182E-51
000.1474	2.3136E-51
000.1474	2.1420E-51
000.1474	2.1420E-51
000.1473	2.1420E-51
000.1473	1.9499E-51
000.1472	1.9499E-51
000.1472	1.9499E-51
000.1471	1.7419E-51
000.1471	1.7418E-51
000.1471	1.7418E-51
000.1470	1.7418E-51
000.1470	1.6848E-51
000.1469	1.6848E-51
000.1469	1.6848E-51
000.1468	1.5672E-51
000.1468	1.5672E-51
000.1468	1.5672E-51
000.1467	1.5168E-51
000.1467	1.4414E-51
000.1466	1.4414E-51
000.1466	1.4414E-51
000.1465	1.3270E-51
000.1465	1.3270E-51
000.1465	1.3270E-51
000.1464	1.2952E-51
000.1464	1.2952E-51
000.1463	1.2952E-51
000.1463	1.2952E-51
000.1462	1.3268E-51
000.1462	1.3268E-51
000.1462	1.3268E-51
000.1461	1.1398E-51
000.1461	1.1398E-51
000.1460	1.1398E-51
000.1460	1.1378E-51
000.1459	1.0661E-51
000.1459	1.0661E-51
000.1459	1.0661E-51
000.1458	9.6741E-52
000.1458	9.6741E-52
000.1457	9.6741E-52
000.1457	9.0482E-52
000.1456	8.9535E-52
000.1456	8.9535E-52
000.1456	8.9535E-52
000.1455	8.3043E-52
000.1455	8.3043E-52
000.1454	8.3043E-52
000.1454	7.7774E-52
000.1453	7.7768E-52
000.1453	7.7768E-52
000.1453	7.7768E-52
000.1452	7.4661E-52
000.1452	7.4661E-52
000.1451	7.4661E-52
000.1451	7.0933E-52
000.1451	7.0933E-52
000.1450	7.0933E-52
000.1450	7.0917E-52
000.1449	6.5208E-52
000.1449	6.5208E-52
000.1448	6.5208E-52
000.1448	5.9610E-52
000.1448	5.9610E-52
000.1447	5.9610E-52
000.1447	5.9514E-52
000.1446	5.8614E-52
000.1446	5.8614E-52
000.1446	5.8614E-52
000.1445	5.3629E-52
000.1445	5.3629E-52
000.1444	5.3629E-52
000.1444	5.2178E-52
000.1443	5.1569E-52
000.1443	5.1569E-52
000.1443	5.1569E-52
000.1442	4.7569E-52
000.1442	4.7569E-52
000.1441	4.7569E-52
000.1441	4.1672E-52
000.1441	4.1486E-52
000.1440	4.1486E-52
000.1440	4.1486E-52
000.1439	3.7659E-52
000.1439	3.7659E-52
000.1438	3.7659E-52
000.1438	3.5020E-52
000.1438	3.5010E-52
000.1437	3.5010E-52
000.1437	3.5010E-52
000.1436	3.3006E-52
000.1436	3.3006E-52
000.1436	3.3006E-52
000.1435	3.4961E-52
000.1435	3.4963E-52
000.1434	3.4963E-52
000.1434	3.4963E-52
000.1433	3.0493E-52
000.1433	3.0493E-52
000.1433	3.0493E-52
000.1432	2.8335E-52
000.1432	2.8334E-52
000.1431	2.8334E-52
000.1431	2.8334E-52
000.1431	2.5445E-52
000.1430	2.5445E-52
000.1430	2.5445E-52
000.1429	2.2850E-52
000.1429	2.2850E-52
000.1429	2.2850E-52
000.1428	2.2850E-52
000.1428	2.1512E-52
000.1427	2.1512E-52
000.1427	2.1512E-52
000.1427	2.0181E-52
000.1426	2.0181E-52
000.1426	2.0181E-52
000.1425	2.0181E-52
000.1425	1.8992E-52
000.1425	1.8992E-52
000.1424	1.8992E-52
000.1424	1.7770E-52
000.1423	1.7770E-52
000.1423	1.7770E-52
000.1422	1.7770E-52
000.1422	1.6647E-52
000.1422	1.6647E-52
000.1421	1.6647E-52
000.1421	1.5047E-52
000.1420	1.5045E-52
000.1420	1.5045E-52
000.1420	1.5045E-52
000.1419	1.4615E-52
000.1419	1.4615E-52
000.1418	1.4615E-52
000.1418	1.5144E-52
000.1418	1.5148E-52
000.1417	1.5148E-52
000.1417	1.5148E-52
000.1416	1.2282E-52
000.1416	1.2282E-52
000.1416	1.2282E-52
000.1415	1.1218E-52
000.1415	1.1137E-52
000.1414	1.1137E-52
000.1414	1.1137E-52
000.1414	1.0362E-52
000.1413	1.0362E-52
000.1413	1.0362E-52
000.1412	1.0006E-52
000.1412	9.5365E-53
000.1412	9.5365E-53
000.1411	9.5365E-53
000.1411	9.0745E-53
000.1410	9.0745E-53
000.1410	9.0745E-53
000.1410	9.0636E-53
000.1409	8.6205E-53
000.1409	8.6205E-53
000.1408	8.6205E-53
000.1408	8.8665E-53
000.1408	8.8665E-53
000.1407	8.8665E-53
000.1407	8.8659E-53
000.1406	7.4252E-53
000.1406	7.4252E-53
000.1406	7.4252E-53
000.1405	6.8482E-53
000.1405	6.8482E-53
000.1404	6.8482E-53
000.1404	6.8482E-53
000.1404	6.2070E-53
000.1403	6.2070E-53
000.1403	6.2070E-53
000.1403	6.0528E-53
000.1402	6.0518E-53
000.1402	6.0518E-53
000.1401	6.0518E-53
000.1401	5.5071E-53
000.1401	5.5071E-53
000.1400	5.5071E-53
000.1400	5.3296E-53
000.1399	5.0555E-53
000.1399	5.0555E-53
000.1399	5.0555E-53
000.1398	4.7049E-53
000.1398	4.7049E-53
000.1397	4.7049E-53
000.1397	4.7044E-53
000.1397	4.4316E-53
000.1396	4.4316E-53
000.1396	4.4316E-53
000.1395	4.1347E-53
000.1395	4.1347E-53
000.1395	4.1347E-53
000.1394	4.1347E-53
000.1394	3.7788E-53
000.1394	3.7788E-53
000.1393	3.7788E-53
000.1393	3.6685E-53
000.1392	3.6646E-53
000.1392	3.6646E-53
000.1392	3.6646E-53
000.1391	3.3846E-53
000.1391	3.3846E-53
000.1390	3.3846E-53
000.1390	3.3800E-53
000.1390	3.1011E-53
000.1389	3.1011E-53
000.1389	3.1011E-53
000.1389	2.8185E-53
000.1388	2.8185E-53
000.1388	2.8185E-53
000.1387	2.8185E-53
000.1387	2.7381E-53
000.1387	2.7381E-53
000.1386	2.7381E-53
000.1386	2.5116E-53
000.1385	2.5053E-53
000.1385	2.5053E-53
000.1385	2.5053E-53
000.1384	2.5257E-53
000.1384	2.5257E-53
000.1384	2.5257E-53
000.1383	2.5241E-53
000.1383	2.1884E-53
000.1382	2.1884E-53
000.1382	2.1884E-53
000.1382	1.9571E-53
000.1381	1.9571E-53
000.1381	1.9571E-53
000.1380	1.9571E-53
000.1380	1.9878E-53
000.1380	1.9878E-53
000.1379	1.9878E-53
000.1379	1.8211E-53
000.1379	1.6848E-53
000.1378	1.6848E-53
000.1378	1.6848E-53
000.1377	1.5660E-53
000.1377	1.5660E-53
000.1377	1.5660E-53
000.1376	1.5660E-53
000.1376	1.4347E-53
000.1376	1.4347E-53
000.1375	1.4347E-53
000.1375	1.3338E-53
000.1374	1.3326E-53
000.1374	1.3326E-53
000.1374	1.3326E-53
000.1373	1.2515E-53
000.1373	1.2515E-53
000.1372	1.2515E-53
000.1372	1.2515E-53
000.1372	1.1592E-53
000.1371	1.1592E-53
000.1371	1.1592E-53
000.1371	1.0954E-53
000.1370	1.0954E-53
000.1370	1.0954E-53
000.1369	1.0954E-53
000.1369	1.0028E-53
000.1369	1.0028E-53
000.1368	1.0028E-53
000.1368	1.0027E-53
000.1368	9.8723E-54
000.1367	9.8723E-54
000.1367	9.8723E-54
000.1366	8.8573E-54
000.1366	8.8572E-54
000.1366	8.8572E-54
000.1365	8.8572E-54
000.1365	7.9306E-54
000.1365	7.9306E-54
000.1364	7.9306E-54
000.1364	7.9252E-54
000.1364	7.5908E-54
000.1363	7.5908E-54
000.1363	7.5908E-54
000.1362	7.2270E-54
000.1362	7.2270E-54
000.1362	7.2270E-54
000.1361	7.2270E-54
000.1361	6.5614E-54
000.1361	6.5614E-54
000.1360	6.5614E-54
000.1360	6.5553E-54
000.1359	5.8697E-54
000.1359	5.8697E-54
000.1359	5.8697E-54
000.1358	6.5711E-54
000.1358	6.5713E-54
000.1358	6.5713E-54
000.1357	6.5713E-54
000.1357	5.3992E-54
000.1356	5.3992E-54
000.1356	5.3992E-54
000.1356	5.3985E-54
000.1355	4.7866E-54
000.1355	4.7866E-54
000.1355	4.7866E-54
000.1354	4.4702E-54
000.1354	4.4694E-54
000.1354	4.4694E-54
000.1353	4.4694E-54
000.1353	4.1519E-54
000.1352	4.1519E-54
000.1352	4.1519E-54
000.1352	4.1518E-54
000.1351	3.8958E-54
000.1351	3.8958E-54
000.1351	3.8958E-54
000.1350	3.5663E-54
000.1350	3.5304E-54
000.1350	3.5304E-54
000.1349	3.5304E-54
000.1349	3.2260E-54
000.1348	3.2260E-54
000.1348	3.2260E-54
000.1348	3.2260E-54
000.1347	3.1454E-54
000.1347	3.1454E-54
000.1347	3.1454E-54
000.1346	3.1305E-54
000.1346	2.8462E-54
000.1346	2.8462E-54
000.1345	2.8462E-54
000.1345	2.6195E-54
000.1344	2.6194E-54
000.1344	2.6194E-54
000.1344	2.6194E-54
000.1343	2.4088E-54
000.1343	2.4088E-54
000.1343	2.4088E-54
000.1342	2.4088E-54
000.1342	2.3631E-54
000.1342	2.3631E-54
000.1341	2.3631E-54
000.1341	2.1423E-54
000.1340	2.1040E-54
000.1340	2.1040E-54
000.1340	2.1040E-54
000.1339	1.8903E-54
000.1339	1.8903E-54
000.1339	1.8903E-54
000.1338	1.8903E-54
000.1338	1.7435E-54
000.1338	1.7435E-54
000.1337	1.7435E-54
000.1337	1.7434E-54
000.1337	1.6419E-54
000.1336	1.6419E-54
000.1336	1.6419E-54
000.1335	1.5757E-54
000.1335	1.5745E-54
000.1335	1.5745E-54
000.1334	1.5745E-54
000.1334	1.5516E-54
000.1334	1.5516E-54
000.1333	1.5516E-54
000.1333	1.5516E-54
000.1333	1.5582E-54
000.1332	1.5582E-54
000.1332	1.5582E-54
000.1332	1.5580E-54
000.1331	1.4177E-54
000.1331	1.4177E-54
000.1330	1.4177E-54
000.1330	1.2304E-54
000.1330	1.2262E-54
000.1329	1.2262E-54
000.1329	1.2262E-54
000.1329	1.0653E-54
000.1328	1.0653E-54
000.1328	1.0653E-54
000.1328	1.0653E-54
000.1327	9.5864E-55
000.1327	9.5864E-55
000.1327	9.5864E-55
000.1326	9.5863E-55
000.1326	9.2894E-55
000.1326	9.2894E-55
000.1325	9.2894E-55
000.1325	8.6617E-55
000.1325	8.4445E-55
000.1324	8.4445E-55
000.1324	8.4445E-55
000.1323	7.5550E-55
000.1323	7.5549E-55
000.1323	7.5549E-55
000.1322	7.5549E-55
000.1322	7.4481E-55
000.1322	7.4481E-55
000.1321	7.4481E-55
000.1321	7.4481E-55
000.1321	9.7383E-55
000.1320	9.7383E-55
000.1320	9.7383E-55
000.1320	9.6848E-55
000.1319	5.9808E-55
000.1319	5.9808E-55
000.1319	5.9808E-55
000.1318	5.6487E-55
000.1318	5.6452E-55
000.1318	5.6452E-55
000.1317	5.6452E-55
000.1317	5.5416E-55
000.1316	5.5416E-55
000.1316	5.5416E-55
000.1316	5.5416E-55
000.1315	5.3189E-55
000.1315	5.3189E-55
000.1315	5.3189E-55
000.1314	5.3189E-55
000.1314	7.6254E-55
000.1314	7.6254E-55
000.1313	7.6254E-55
000.1313	7.5967E-55
000.1313	6.0902E-55
000.1312	6.0902E-55
000.1312	6.0902E-55
000.1312	5.1988E-55
000.1311	5.1836E-55
000.1311	5.1836E-55
000.1311	5.1836E-55
000.1310	4.9685E-55
000.1310	4.9685E-55
000.1310	4.9685E-55
000.1309	4.9685E-55
000.1309	3.5497E-55
000.1309	3.5497E-55
000.1308	3.5497E-55
000.1308	3.5497E-55
000.1308	3.1063E-55
000.1307	3.1063E-55
000.1307	3.1063E-55
000.1307	3.1061E-55
000.1306	2.7357E-55
000.1306	2.7357E-55
000.1305	2.7357E-55
000.1305	2.7316E-55
000.1305	2.7251E-55
000.1304	2.7251E-55
000.1304	2.7251E-55
000.1304	2.4128E-55
000.1303	2.4124E-55
000.1303	2.4124E-55
000.1303	2.4124E-55
000.1302	2.1958E-55
000.1302	2.1958E-55
000.1302	2.1958E-55
000.1301	2.1958E-55
000.1301	2.0177E-55
000.1301	2.0177E-55
000.1300	2.0177E-55
000.1300	2.0177E-55
000.1300	1.8669E-55
000.1299	1.8669E-55
000.1299	1.8669E-55
000.1299	1.8669E-55
000.1298	2.0382E-55
000.1298	2.0382E-55
000.1298	2.0382E-55
000.1297	2.3779E-55
000.1297	8.1259E-55
000.1297	8.1259E-55
000.1296	8.1259E-55
000.1296	5.3768E-55
000.1296	5.2788E-55
000.1295	5.2788E-55
000.1295	5.2788E-55
000.1295	3.6487E-55
000.1294	3.6485E-55
000.1294	3.6485E-55
000.1294	3.6485E-55
000.1293	1.5911E-55
000.1293	1.5911E-55
000.1293	1.5911E-55
000.1292	1.5911E-55
000.1292	1.4615E-55
000.1292	1.4615E-55
000.1291	1.4615E-55
000.1291	1.4615E-55
000.1291	2.4234E-55
000.1290	2.4234E-55
000.1290	2.4234E-55
000.1290	2.4234E-55
000.1289	1.3071E-55
000.1289	1.3071E-55
000.1289	1.3071E-55
000.1288	1.3063E-55
000.1288	9.7420E-56
000.1288	9.7420E-56
000.1287	9.7420E-56
000.1287	9.3894E-56
000.1287	8.4662E-56
000.1286	8.4662E-56
000.1286	8.4662E-56
000.1286	1.0283E-55
000.1285	1.0319E-55
000.1285	1.0319E-55
000.1285	1.0319E-55
000.1284	7.1776E-56
000.1284	7.1771E-56
000.1284	7.1771E-56
000.1283	7.1771E-56
000.1283	6.6965E-56
000.1283	6.6965E-56
000.1282	6.6965E-56
000.1282	6.6965E-56
000.1282	6.9443E-56
000.1281	6.9443E-56
000.1281	6.9443E-56
000.1281	6.9443E-56
000.1280	6.9483E-56
000.1280	6.9483E-56
000.1280	6.9483E-56
000.1279	6.9483E-56
000.1279	5.8967E-56
000.1279	5.8967E-56
000.1278	5.8967E-56
000.1278	5.8967E-56
000.1278	9.2572E-56
000.1277	9.2572E-56
000.1277	9.2572E-56
000.1277	9.2570E-56
000.1276	5.6953E-56
000.1276	5.6953E-56
000.1276	5.6953E-56
000.1276	5.6971E-56
000.1275	6.7097E-56
000.1275	6.7097E-56
000.1275	6.7097E-56
000.1274	7.1318E-56
000.1274	1.5092E-55
000.1274	1.5092E-55
000.1273	1.5092E-55
000.1273	9.3070E-56
000.1273	4.9514E-56
000.1272	4.9514E-56
000.1272	4.9514E-56
000.1272	4.0534E-56
000.1271	4.0215E-56
000.1271	4.0215E-56
000.1271	4.0215E-56
000.1270	5.7632E-56
000.1270	5.7666E-56
000.1270	5.7666E-56
000.1269	5.7666E-56
000.1269	2.7649E-56
000.1269	2.7645E-56
000.1268	2.7645E-56
000.1268	2.7645E-56
000.1268	2.5876E-56
000.1267	2.5876E-56
000.1267	2.5876E-56
000.1267	2.5876E-56
000.1266	2.4106E-56
000.1266	2.4106E-56
000.1266	2.4106E-56
000.1266	2.4106E-56
000.1265	2.3510E-56
000.1265	2.3510E-56
000.1265	2.3510E-56
000.1264	2.3510E-56
000.1264	3.3346E-56
000.1264	3.3346E-56
000.1263	3.3346E-56
000.1263	3.3346E-56
000.1263	2.8270E-56
000.1262	2.8270E-56
000.1262	2.8270E-56
000.1262	2.8270E-56
000.1261	4.9243E-56
000.1261	4.9243E-56
000.1261	4.9243E-56
000.1260	4.9243E-56
000.1260	5.3146E-56
000.1260	5.3146E-56
000.1259	5.3146E-56
000.1259	5.3146E-56
000.1259	2.0706E-56
000.1258	2.0706E-56
000.1258	2.0706E-56
000.1258	2.0706E-56
000.1258	1.5739E-56
000.1257	1.5739E-56
000.1257	1.5739E-56
000.1257	1.5739E-56
000.1256	1.4917E-56
000.1256	1.4917E-56
000.1256	1.4917E-56
000.1255	1.4917E-56
000.1255	4.2470E-56
000.1255	4.2470E-56
000.1254	4.2470E-56
000.1254	4.2470E-56
000.1254	1.5447E-55
000.1253	1.5447E-55
000.1253	1.5447E-55
000.1253	1.5447E-55
000.1253	8.1952E-56
000.1252	8.1952E-56
000.1252	8.1952E-56
000.1252	8.1952E-56
000.1251	9.2907E-57
000.1251	9.2907E-57
000.1251	9.2907E-57
000.1250	9.2907E-57
000.1250	8.3872E-57
000.1250	8.3872E-57
000.1249	8.3872E-57
000.1249	8.3872E-57
000.1249	8.2550E-57
000.1248	8.2550E-57
000.1248	8.2550E-57
000.1248	8.2550E-57
000.1248	7.2075E-57
000.1247	7.2075E-57
000.1247	7.2075E-57
000.1247	7.2075E-57
000.1246	7.4002E-57
000.1246	7.4002E-57
000.1246	7.4002E-57
000.1245	7.4002E-57
000.1245	1.3646E-56
000.1245	1.3646E-56
000.1244	1.3646E-56
000.1244	1.3646E-56
000.1244	1.1594E-56
000.1243	1.1594E-56
000.1243	1.1594E-56
000.1243	1.1594E-56
000.1243	5.4287E-57
000.1242	5.4287E-57
000.1242	5.4287E-57
000.1242	5.4287E-57
000.1241	5.4675E-57
000.1241	5.4675E-57
000.1241	5.4675E-57
000.1240	5.4675E-57
000.1240	5.7393E-56
000.1240	5.7393E-56
000.1239	5.7393E-56
000.1239	5.7393E-56
000.1239	6.5841E-57
000.1239	6.5841E-57
000.1238	6.5841E-57
000.1238	6.5841E-57
000.1238	4.0290E-57
000.1237	4.0290E-57
000.1237	4.0290E-57
000.1237	4.0290E-57
000.1236	3.8498E-57
000.1236	3.8498E-57
000.1236	3.8498E-57
000.1235	3.8498E-57
000.1235	3.5032E-57
000.1235	3.5032E-57
000.1235	3.5032E-57
000.1234	3.5032E-57
000.1234	3.6346E-57
000.1234	3.6346E-57
000.1233	3.6346E-57
000.1233	3.6346E-57
000.1233	3.0031E-57
000.1232	3.0031E-57
000.1232	3.0031E-57
000.1232	3.0031E-57
000.1232	2.6035E-57
000.1231	2.6035E-57
000.1231	2.6035E-57
000.1231	2.6035E-57
000.1230	2.3796E-57
000.1230	2.3795E-57
000.1230	2.3795E-57
000.1229	2.3795E-57
000.1229	2.3095E-57
000.1229	2.3084E-57
000.1229	2.3084E-57
000.1228	2.3084E-57
000.1228	2.6139E-57
000.1228	2.7240E-57
000.1227	2.7240E-57
000.1227	2.7240E-57
000.1227	2.8979E-57
000.1226	4.6773E-57
000.1226	4.6773E-57
000.1226	4.6773E-57
000.1225	4.6690E-57
000.1225	1.7590E-57
000.1225	1.7590E-57
000.1225	1.7590E-57
000.1224	1.7591E-57
000.1224	3.3791E-57
000.1224	3.3791E-57
000.1223	3.3791E-57
000.1223	3.3791E-57
000.1223	1.4934E-57
000.1222	1.4934E-57
000.1222	1.4934E-57
000.1222	1.4934E-57
000.1222	1.3246E-57
000.1221	1.3246E-57
000.1221	1.3246E-57
000.1221	1.3246E-57
000.1220	1.2333E-57
000.1220	1.2333E-57
000.1220	1.2333E-57
000.1220	1.2333E-57
000.1219	1.1731E-57
000.1219	1.1731E-57
000.1219	1.1731E-57
000.1218	1.1731E-57
000.1218	1.0361E-57
000.1218	1.0361E-57
000.1217	1.0361E-57
000.1217	1.0361E-57
000.1217	1.0161E-57
000.1217	1.0161E-57
000.1216	1.0161E-57
000.1216	1.0161E-57
000.1216	9.5032E-58
000.1215	9.4959E-58
000.1215	9.4959E-58
000.1215	9.4959E-58
000.1214	1.0019E-57
000.1214	1.1126E-57
000.1214	1.1126E-57
000.1214	1.1126E-57
000.1213	1.1120E-57
000.1213	8.1688E-58
000.1213	8.1688E-58
000.1212	8.1688E-58
000.1212	8.1688E-58
000.1212	8.2977E-58
000.1212	8.2977E-58
000.1211	8.2977E-58
000.1211	8.2977E-58
000.1211	6.1801E-58
000.1210	6.1801E-58
000.1210	6.1801E-58
000.1210	6.1801E-58
000.1209	3.4311E-57
000.1209	3.4311E-57
000.1209	3.4311E-57
000.1209	3.4311E-57
000.1208	5.7793E-58
000.1208	5.7793E-58
000.1208	5.7793E-58
000.1207	5.7793E-58
000.1207	5.8621E-58
000.1207	5.8621E-58
000.1207	5.8621E-58
000.1206	5.8621E-58
000.1206	5.5329E-58
000.1206	5.5150E-58
000.1205	5.5150E-58
000.1205	5.5150E-58
000.1205	5.4878E-58
000.1205	4.1469E-58
000.1204	4.1469E-58
000.1204	4.1469E-58
000.1204	4.1469E-58
000.1203	3.9452E-58
000.1203	3.9452E-58
000.1203	3.9452E-58
000.1203	3.9452E-58
000.1202	3.4141E-58
000.1202	3.4141E-58
000.1202	3.4141E-58
000.1201	3.4141E-58
000.1201	3.2555E-58
000.1201	3.2555E-58
000.1200	3.2555E-58
000.1200	3.2555E-58
000.1200	3.4884E-58
000.1200	3.4884E-58
000.1199	3.4884E-58
000.1199	3.4884E-58
000.1199	2.6530E-58
000.1198	2.6485E-58
000.1198	2.6485E-58
000.1198	2.6485E-58
000.1198	2.7587E-58
000.1197	4.5337E-58
000.1197	4.5337E-58
000.1197	4.5337E-58
000.1196	4.5337E-58
000.1196	2.2212E-58
000.1196	2.2212E-58
000.1196	2.2212E-58
000.1195	2.2212E-58
000.1195	2.8246E-58
000.1195	2.8246E-58
000.1194	2.8246E-58
000.1194	2.8246E-58
000.1194	1.9276E-58
000.1194	1.9276E-58
000.1193	1.9276E-58
000.1193	1.9276E-58
000.1193	1.7710E-58
000.1192	1.7710E-58
000.1192	1.7710E-58
000.1192	1.7710E-58
000.1192	2.7411E-58
000.1191	3.2855E-58
000.1191	3.2855E-58
000.1191	3.2855E-58
000.1190	3.2854E-58
000.1190	2.7055E-58
000.1190	2.7055E-58
000.1190	2.7055E-58
000.1189	2.7055E-58
000.1189	2.1044E-58
000.1189	2.1044E-58
000.1188	2.1044E-58
000.1188	2.1044E-58
000.1188	1.3549E-58
000.1188	1.3549E-58
000.1187	1.3549E-58
000.1187	1.3549E-58
000.1187	1.1776E-58
000.1187	1.1775E-58
000.1186	1.1775E-58
000.1186	1.1775E-58
000.1186	1.1351E-58
000.1185	1.0264E-58
000.1185	1.0264E-58
000.1185	1.0264E-58
000.1185	1.0264E-58
000.1184	1.0164E-58
000.1184	1.0164E-58
000.1184	1.0164E-58
000.1183	1.0164E-58
000.1183	9.0813E-59
000.1183	9.0813E-59
000.1183	9.0813E-59
000.1182	9.0813E-59
000.1182	9.6254E-59
000.1182	9.6254E-59
000.1181	9.6254E-59
000.1181	9.6254E-59
000.1181	7.6844E-59
000.1181	7.6348E-59
000.1180	7.6348E-59
000.1180	7.6348E-59
000.1180	7.6344E-59
000.1180	6.9341E-59
000.1179	6.9341E-59
000.1179	6.9341E-59
000.1179	6.9341E-59
000.1178	7.6332E-59
000.1178	7.6332E-59
000.1178	7.6332E-59
000.1178	7.6332E-59
000.1177	5.9317E-59
000.1177	5.9317E-59
000.1177	5.9317E-59
000.1176	5.9317E-59
000.1176	5.6707E-59
000.1176	5.6692E-59
000.1176	5.6692E-59
000.1175	5.6692E-59
000.1175	5.6684E-59
000.1175	4.9277E-59
000.1175	4.9277E-59
000.1174	4.9277E-59
000.1174	4.9277E-59
000.1174	5.2785E-59
000.1173	5.2785E-59
000.1173	5.2785E-59
000.1173	5.2785E-59
000.1173	5.3651E-59
000.1172	5.3651E-59
000.1172	5.3651E-59
000.1172	5.3651E-59
000.1172	4.2783E-59
000.1171	4.2404E-59
000.1171	4.2404E-59
000.1171	4.2404E-59
000.1170	4.2404E-59
000.1170	3.6176E-59
000.1170	3.6176E-59
000.1170	3.6176E-59
000.1169	3.6176E-59
000.1169	3.2848E-59
000.1169	3.2848E-59
000.1168	3.2848E-59
000.1168	3.2848E-59
000.1168	2.9057E-59
000.1168	2.9057E-59
000.1167	2.9057E-59
000.1167	2.9057E-59
000.1167	2.8682E-59
000.1167	2.6697E-59
000.1166	2.6697E-59
000.1166	2.6697E-59
000.1166	2.6697E-59
000.1166	2.4630E-59
000.1165	2.4630E-59
000.1165	2.4630E-59
000.1165	2.4630E-59
000.1164	2.3745E-59
000.1164	2.3745E-59
000.1164	2.3745E-59
000.1164	2.3745E-59
000.1163	2.0446E-59
000.1163	2.0402E-59
000.1163	2.0402E-59
000.1163	2.0402E-59
000.1162	2.0402E-59
000.1162	1.8989E-59
000.1162	1.8989E-59
000.1161	1.8989E-59
000.1161	1.8989E-59
000.1161	1.8704E-59
000.1161	1.8704E-59
000.1160	1.8704E-59
000.1160	1.8704E-59
000.1160	1.5687E-59
000.1160	1.5687E-59
000.1159	1.5687E-59
000.1159	1.5687E-59
000.1159	1.5687E-59
000.1158	1.5622E-59
000.1158	1.5622E-59
000.1158	1.5622E-59
000.1158	1.5622E-59
000.1157	1.5411E-59
000.1157	1.5411E-59
000.1157	1.5411E-59
000.1157	1.5411E-59
000.1156	1.2134E-59
000.1156	1.2134E-59
000.1156	1.2134E-59
000.1156	1.2134E-59
000.1155	1.2121E-59
000.1155	1.0508E-59
000.1155	1.0508E-59
000.1154	1.0508E-59
000.1154	1.0508E-59
000.1154	1.0875E-59
000.1154	1.0875E-59
000.1153	1.0875E-59
000.1153	1.0875E-59
000.1153	9.6196E-60
000.1153	9.6196E-60
000.1152	9.6196E-60
000.1152	9.6196E-60
000.1152	9.6130E-60
000.1152	8.6124E-60
000.1151	8.6124E-60
000.1151	8.6124E-60
000.1151	8.6124E-60
000.1150	7.7241E-60
000.1150	7.7241E-60
000.1150	7.7241E-60
000.1150	7.7241E-60
000.1149	7.3445E-60
000.1149	7.3445E-60
000.1149	7.3445E-60
000.1149	7.3445E-60
000.1148	7.3437E-60
000.1148	6.4656E-60
000.1148	6.4656E-60
000.1148	6.4656E-60
000.1147	6.4656E-60
000.1147	5.9012E-60
000.1147	5.9012E-60
000.1147	5.9012E-60
000.1146	5.9012E-60
000.1146	5.4156E-60
000.1146	5.4150E-60
000.1145	5.4150E-60
000.1145	5.4150E-60
000.1145	5.4150E-60
000.1145	4.9427E-60
000.1144	4.9427E-60
000.1144	4.9427E-60
000.1144	4.9427E-60
000.1144	4.6372E-60
000.1143	4.6372E-60
000.1143	4.6372E-60
000.1143	4.6372E-60
000.1143	4.2459E-60
000.1142	4.1440E-60
000.1142	4.1440E-60
000.1142	4.1440E-60
000.1142	4.1440E-60
000.1141	3.8245E-60
000.1141	3.8245E-60
000.1141	3.8245E-60
000.1141	3.8245E-60
000.1140	3.6609E-60
000.1140	3.6609E-60
000.1140	3.6609E-60
000.1139	3.6609E-60
000.1139	3.6598E-60
000.1139	3.3035E-60
000.1139	3.3035E-60
000.1138	3.3035E-60
000.1138	3.3035E-60
000.1138	3.2881E-60
000.1138	3.2881E-60
000.1137	3.2881E-60
000.1137	3.2881E-60
000.1137	2.7823E-60
000.1137	2.7769E-60
000.1136	2.7769E-60
000.1136	2.7769E-60
000.1136	2.7769E-60
000.1136	2.5064E-60
000.1135	2.5064E-60
000.1135	2.5064E-60
000.1135	2.5064E-60
000.1135	2.1566E-60
000.1134	2.1566E-60
000.1134	2.1566E-60
000.1134	2.1566E-60
000.1134	2.1560E-60
000.1133	1.9332E-60
000.1133	1.9332E-60
000.1133	1.9332E-60
000.1133	1.9332E-60
000.1132	1.9496E-60
000.1132	1.9496E-60
000.1132	1.9496E-60
000.1131	1.9496E-60
000.1131	1.6634E-60
000.1131	1.6368E-60
000.1131	1.6368E-60
000.1130	1.6368E-60
000.1130	1.6368E-60
000.1130	1.6001E-60
000.1130	1.6001E-60
000.1129	1.6001E-60
000.1129	1.6001E-60
000.1129	1.4148E-60
000.1129	1.4148E-60
000.1128	1.4148E-60
000.1128	1.4148E-60
000.1128	1.4148E-60
000.1128	1.2802E-60
000.1127	1.2802E-60
000.1127	1.2802E-60
000.1127	1.2802E-60
000.1127	1.2129E-60
000.1126	1.2129E-60
000.1126	1.2129E-60
000.1126	1.2129E-60
000.1126	1.2124E-60
000.1125	1.1220E-60
000.1125	1.1220E-60
000.1125	1.1220E-60
000.1125	1.1220E-60
000.1124	9.5490E-61
000.1124	9.5490E-61
000.1124	9.5490E-61
000.1124	9.5490E-61
000.1123	9.2861E-61
000.1123	9.0266E-61
000.1123	9.0266E-61
000.1123	9.0266E-61
000.1122	9.0266E-61
000.1122	7.8965E-61
000.1122	7.8965E-61
000.1122	7.8965E-61
000.1121	7.8965E-61
000.1121	7.8469E-61
000.1121	7.8463E-61
000.1121	7.8463E-61
000.1120	7.8463E-61
000.1120	7.8463E-61
000.1120	6.6787E-61
000.1120	6.6787E-61
000.1119	6.6787E-61
000.1119	6.6787E-61
000.1119	5.9681E-61
000.1119	5.9678E-61
000.1118	5.9678E-61
000.1118	5.9678E-61
000.1118	5.9678E-61
000.1118	5.4193E-61
000.1117	5.4193E-61
000.1117	5.4193E-61
000.1117	5.4193E-61
000.1117	5.6413E-61
000.1116	5.6413E-61
000.1116	5.6413E-61
000.1116	5.6413E-61
000.1116	5.6413E-61
000.1115	4.8684E-61
000.1115	4.8684E-61
000.1115	4.8684E-61
000.1115	4.8684E-61
000.1114	4.6510E-61
000.1114	4.6510E-61
000.1114	4.6510E-61
000.1114	4.6510E-61
000.1113	4.6510E-61
000.1113	4.1481E-61
000.1113	4.1481E-61
000.1113	4.1481E-61
000.1112	4.1481E-61
000.1112	3.5655E-61
000.1112	3.5655E-61
000.1112	3.5655E-61
000.1111	3.5655E-61
000.1111	3.5655E-61
000.1111	3.4960E-61
000.1111	3.4960E-61
000.1110	3.4960E-61
000.1110	3.4960E-61
000.1110	3.1572E-61
000.1110	3.1572E-61
000.1109	3.1572E-61
000.1109	3.1572E-61
000.1109	3.1572E-61
000.1109	3.0051E-61
000.1108	3.0051E-61
000.1108	3.0051E-61
000.1108	3.0051E-61
000.1108	2.4243E-61
000.1107	2.4243E-61
000.1107	2.4243E-61
000.1107	2.4243E-61
000.1107	2.4243E-61
000.1106	2.1955E-61
000.1106	2.1955E-61
000.1106	2.1955E-61
000.1106	2.1955E-61
000.1105	2.1021E-61
000.1105	2.1021E-61
000.1105	2.1021E-61
000.1105	2.1021E-61
000.1104	2.1021E-61
000.1104	1.8712E-61
000.1104	1.8712E-61
000.1104	1.8712E-61
000.1104	1.8712E-61
000.1103	1.6833E-61
000.1103	1.6832E-61
000.1103	1.6832E-61
000.1103	1.6832E-61
000.1102	1.6832E-61
000.1102	1.6335E-61
000.1102	1.6335E-61
000.1102	1.6335E-61
000.1101	1.6335E-61
000.1101	1.5816E-61
000.1101	1.5809E-61
000.1101	1.5809E-61
000.1100	1.5809E-61
000.1100	1.5809E-61
000.1100	1.5809E-61
000.1100	1.5809E-61
000.1099	1.5809E-61
000.1099	1.5809E-61
000.1099	1.5809E-61
000.1099	1.5809E-61
000.1098	1.5809E-61
000.1098	1.5809E-61
